"","SARS-CoV2 E","SARS-CoV2 M","SARS-CoV2 N","SARS-CoV2 Spike","SARS-CoV2 nsp1","SARS-CoV2 nsp10","SARS-CoV2 nsp11","SARS-CoV2 nsp12","SARS-CoV2 nsp13","SARS-CoV2 nsp14","SARS-CoV2 nsp15","SARS-CoV2 nsp2","SARS-CoV2 nsp4","SARS-CoV2 nsp5","SARS-CoV2 nsp5_C145A","SARS-CoV2 nsp6","SARS-CoV2 nsp7","SARS-CoV2 nsp8","SARS-CoV2 nsp9","SARS-CoV2 orf10","SARS-CoV2 orf3a","SARS-CoV2 orf3b","SARS-CoV2 orf6","SARS-CoV2 orf7a","SARS-CoV2 orf8","SARS-CoV2 orf9b","SARS-CoV2 orf9c","SARS-CoV2 NCAP","SARS-CoV2 NS6","SARS-CoV2 NS7A","SARS-CoV2 R1A","SARS-CoV2 R1AB","SARS-CoV2 S","SARS-CoV2 Y14","SARS-CoV2 PLpro"
"DB00028",4,4,4,3,4,4,4,4,3,4,4,4,4,4,4,4,4,4,4,4,3,4,4,4,3,3,4,4,6,4,4,3,4,6,3
"DB01611",4,4,4,2,4,4,4,3,3,4,4,4,4,4,4,4,4,4,4,4,4,4,4,4,3,4,4,4,4,3,2,2,3,4,4
"DB12534",NA,NA,NA,NA,NA,NA,NA,NA,NA,NA,NA,NA,NA,NA,NA,NA,NA,NA,NA,NA,NA,NA,NA,NA,NA,NA,NA,NA,NA,NA,NA,NA,NA,NA,NA
"DB11817",3,3,3,4,4,3,4,3,3,4,3,3,4,3,4,4,3,4,3,3,4,4,4,4,3,3,4,4,5,4,3,3,3,5,3
"DB00207",4,4,4,4,4,4,4,4,4,4,4,4,4,3,4,5,4,3,4,4,4,4,4,4,3,4,4,4,6,4,4,4,4,6,4
"DB00169",4,4,4,4,4,4,4,4,4,4,4,4,4,3,4,4,4,4,4,4,4,4,4,4,4,4,4,4,5,4,3,3,4,5,4
"DB00602",4,4,4,4,4,4,5,4,3,4,4,4,4,4,5,5,4,4,4,4,4,4,4,5,4,4,4,4,6,4,4,4,4,6,4
"DB06803",NA,NA,NA,NA,NA,NA,NA,NA,NA,NA,NA,NA,NA,NA,NA,NA,NA,NA,NA,NA,NA,NA,NA,NA,NA,NA,NA,NA,NA,NA,NA,NA,NA,NA,NA
"DB00435",4,4,4,4,4,4,4,4,4,4,4,4,4,4,4,5,4,4,4,4,4,4,4,5,4,4,4,4,6,4,4,4,4,6,4
"DB09152",NA,NA,NA,NA,NA,NA,NA,NA,NA,NA,NA,NA,NA,NA,NA,NA,NA,NA,NA,NA,NA,NA,NA,NA,NA,NA,NA,NA,NA,NA,NA,NA,NA,NA,NA
"DB15655",NA,NA,NA,NA,NA,NA,NA,NA,NA,NA,NA,NA,NA,NA,NA,NA,NA,NA,NA,NA,NA,NA,NA,NA,NA,NA,NA,NA,NA,NA,NA,NA,NA,NA,NA
"DB01211",4,4,4,3,4,4,4,4,3,4,4,4,4,4,4,4,4,4,4,4,4,4,4,4,3,4,4,4,6,4,4,4,4,6,4
"DB06699",5,4,5,4,5,4,5,4,4,5,4,5,5,5,5,4,4,5,4,5,4,5,5,4,3,4,3,5,6,5,4,4,5,6,5
"DB01109",4,3,3,3,4,3,4,3,3,4,4,4,4,4,4,4,3,4,4,4,4,4,4,4,3,3,3,4,5,3,3,3,3,5,3
"DB09153",NA,NA,NA,NA,NA,NA,NA,NA,NA,NA,NA,NA,NA,NA,NA,NA,NA,NA,NA,NA,NA,NA,NA,NA,NA,NA,NA,NA,NA,NA,NA,NA,NA,NA,NA
"DB00863",4,4,4,4,4,4,4,4,3,4,4,4,4,4,4,4,3,4,4,4,4,4,4,4,4,4,4,4,6,4,4,4,4,6,4
"DB00755",4,4,3,3,4,3,3,3,3,4,4,3,3,3,4,4,3,3,3,3,4,4,4,4,3,4,4,4,5,4,3,3,4,5,4
"DB11863",NA,NA,NA,NA,NA,NA,NA,NA,NA,NA,NA,NA,NA,NA,NA,NA,NA,NA,NA,NA,NA,NA,NA,NA,NA,NA,NA,NA,NA,NA,NA,NA,NA,NA,NA
"DB00072",4,4,4,4,3,3,4,3,3,4,3,4,4,4,4,3,3,3,4,4,4,4,3,4,3,3,3,4,6,4,4,3,4,6,3
"DB06366",4,4,4,4,3,3,4,3,3,4,3,4,4,4,4,3,3,3,4,4,4,4,3,4,3,3,3,4,6,4,4,3,4,6,3
"DB14803",NA,NA,NA,NA,NA,NA,NA,NA,NA,NA,NA,NA,NA,NA,NA,NA,NA,NA,NA,NA,NA,NA,NA,NA,NA,NA,NA,NA,NA,NA,NA,NA,NA,NA,NA
"DB01234",4,3,3,3,3,3,4,3,3,4,4,3,3,3,4,3,3,3,4,3,3,4,4,4,3,3,4,3,5,3,3,3,3,5,3
"DB00619",3,3,3,3,3,3,4,3,3,3,4,3,3,3,3,4,3,3,3,3,3,3,4,4,3,3,3,3,5,3,3,3,3,5,3
"DB06228",4,3,4,3,4,4,5,4,4,4,4,4,4,4,4,5,4,4,4,4,4,4,4,4,3,4,4,4,6,4,4,3,4,6,4
"DB01225",4,3,4,3,4,4,4,4,4,4,4,4,4,4,4,5,4,4,4,4,4,4,4,4,3,4,4,4,6,4,4,3,4,6,4
"DB00959",4,3,3,3,3,4,4,3,3,4,4,4,3,3,4,4,3,3,4,3,4,4,4,4,3,3,4,3,5,3,3,3,3,5,3
"DB01601",NA,NA,NA,NA,NA,NA,NA,NA,NA,NA,NA,NA,NA,NA,NA,NA,NA,NA,NA,NA,NA,NA,NA,NA,NA,NA,NA,NA,NA,NA,NA,NA,NA,NA,NA
"DB00503",4,4,4,4,4,4,4,4,4,4,4,4,4,4,4,3,4,4,4,4,4,4,4,4,4,4,4,4,6,4,4,4,4,6,4
"DB06273",4,4,4,4,4,4,4,4,4,4,4,4,4,4,3,4,4,4,4,4,4,4,4,4,3,4,4,4,6,4,4,3,4,6,4
"DB00319",NA,NA,NA,NA,NA,NA,NA,NA,NA,NA,NA,NA,NA,NA,NA,NA,NA,NA,NA,NA,NA,NA,NA,NA,NA,NA,NA,NA,NA,NA,NA,NA,NA,NA,NA
"DB01606",NA,NA,NA,NA,NA,NA,NA,NA,NA,NA,NA,NA,NA,NA,NA,NA,NA,NA,NA,NA,NA,NA,NA,NA,NA,NA,NA,NA,NA,NA,NA,NA,NA,NA,NA
"DB00966",4,3,3,3,4,3,4,4,3,4,3,4,4,3,4,4,4,4,3,4,3,4,4,4,3,4,3,4,5,4,3,3,4,5,4
"DB00876",4,3,4,3,4,3,4,4,4,4,3,4,4,4,4,4,4,4,3,4,3,4,4,4,4,4,3,4,6,4,4,4,4,6,4
"DB01029",3,3,3,3,3,3,4,3,3,3,3,4,3,3,4,4,3,3,3,3,3,3,3,3,3,3,3,3,5,3,3,3,3,5,3
"DB13919",4,3,4,3,4,3,4,4,4,4,3,4,4,4,4,4,4,4,3,4,3,4,4,4,4,4,3,4,6,4,4,4,4,6,4
"DB11842",4,3,4,3,4,3,4,4,4,4,3,4,4,4,4,4,4,4,3,4,3,4,4,4,4,4,3,4,6,4,4,4,4,6,4
"DB00678",4,3,4,3,4,3,4,4,4,4,3,4,4,4,4,4,4,4,3,4,3,4,4,4,4,4,3,4,6,4,4,4,4,6,4
"DB00275",4,3,4,3,4,3,4,4,4,4,3,4,4,4,4,4,4,4,3,4,3,4,4,4,4,4,3,4,6,4,4,4,4,6,4
"DB00177",4,3,4,3,4,3,4,4,4,4,3,4,4,4,4,4,4,4,3,4,3,4,4,4,4,4,3,4,6,4,4,4,4,6,4
"DB06812",NA,NA,NA,NA,NA,NA,NA,NA,NA,NA,NA,NA,NA,NA,NA,NA,NA,NA,NA,NA,NA,NA,NA,NA,NA,NA,NA,NA,NA,NA,NA,NA,NA,NA,NA
"DB12038",NA,NA,NA,NA,NA,NA,NA,NA,NA,NA,NA,NA,NA,NA,NA,NA,NA,NA,NA,NA,NA,NA,NA,NA,NA,NA,NA,NA,NA,NA,NA,NA,NA,NA,NA
"DB06292",5,5,5,5,5,5,5,5,4,5,5,5,5,5,5,5,4,5,5,5,5,5,5,5,5,5,5,5,7,5,5,5,5,7,5
"DB06403",4,4,4,4,4,4,5,4,4,4,4,4,4,4,4,4,4,4,3,4,3,4,4,4,4,4,3,4,6,4,4,4,4,6,3
"DB14828",NA,NA,NA,NA,NA,NA,NA,NA,NA,NA,NA,NA,NA,NA,NA,NA,NA,NA,NA,NA,NA,NA,NA,NA,NA,NA,NA,NA,NA,NA,NA,NA,NA,NA,NA
"DB12466",NA,NA,NA,NA,NA,NA,NA,NA,NA,NA,NA,NA,NA,NA,NA,NA,NA,NA,NA,NA,NA,NA,NA,NA,NA,NA,NA,NA,NA,NA,NA,NA,NA,NA,NA
"DB00091",3,4,3,3,4,3,4,3,4,4,4,4,4,4,4,4,3,4,4,4,4,4,4,4,4,3,4,4,4,4,2,2,2,4,4
"DB00507",NA,NA,NA,NA,NA,NA,NA,NA,NA,NA,NA,NA,NA,NA,NA,NA,NA,NA,NA,NA,NA,NA,NA,NA,NA,NA,NA,NA,NA,NA,NA,NA,NA,NA,NA
"DB00811",4,3,3,4,4,4,4,1,3,1,3,3,4,3,4,4,3,3,3,4,4,4,3,4,3,4,3,3,5,3,3,3,3,5,1
"DB15661",NA,NA,NA,NA,NA,NA,NA,NA,NA,NA,NA,NA,NA,NA,NA,NA,NA,NA,NA,NA,NA,NA,NA,NA,NA,NA,NA,NA,NA,NA,NA,NA,NA,NA,NA
"DB01394",3,3,3,3,4,3,3,3,3,4,3,4,4,3,4,4,3,3,3,3,4,4,4,4,3,3,3,4,5,4,3,3,3,5,3
"DB00975",4,4,4,4,4,4,4,3,3,3,4,3,4,4,4,4,3,4,4,4,4,4,4,4,3,4,4,4,5,4,3,3,3,5,4
"DB11580",4,4,4,4,4,4,5,4,4,4,4,5,4,5,5,4,4,4,4,4,4,5,4,5,4,4,4,4,6,4,4,4,4,6,3
"DB00302",4,4,4,3,4,4,4,4,4,4,4,4,4,4,4,4,4,4,3,4,4,4,4,4,3,4,3,4,5,4,3,3,4,5,4
"DB08895",3,4,3,4,4,3,4,3,3,4,4,4,4,3,4,4,4,4,4,3,4,4,4,4,3,3,4,3,5,3,3,3,3,5,3
"DB00746",4,3,3,3,3,3,4,3,3,3,3,3,3,4,4,4,3,3,3,3,3,3,3,4,3,3,3,4,5,4,3,3,3,5,4
"DB04897",NA,NA,NA,NA,NA,NA,NA,NA,NA,NA,NA,NA,NA,NA,NA,NA,NA,NA,NA,NA,NA,NA,NA,NA,NA,NA,NA,NA,NA,NA,NA,NA,NA,NA,NA
"DB00675",3,3,3,3,3,3,4,3,3,3,3,3,3,3,4,3,3,3,3,3,3,4,3,3,3,3,3,3,5,3,3,3,3,5,3
"DB00982",4,4,3,3,4,3,4,3,3,4,4,4,4,3,4,4,3,4,4,3,4,4,4,4,3,4,4,4,5,4,3,3,4,5,4
"DB00927",5,4,4,4,5,4,5,4,4,5,4,4,4,5,4,4,4,5,4,4,4,5,5,4,4,4,4,4,6,4,4,4,4,6,5
"DB00471",4,4,4,4,4,4,4,4,3,4,4,4,4,4,4,4,4,4,4,4,4,4,4,4,4,4,3,4,6,4,4,3,4,6,4
"DB14767",NA,NA,NA,NA,NA,NA,NA,NA,NA,NA,NA,NA,NA,NA,NA,NA,NA,NA,NA,NA,NA,NA,NA,NA,NA,NA,NA,NA,NA,NA,NA,NA,NA,NA,NA
"DB01001",4,3,4,3,4,4,4,3,3,4,3,4,3,4,4,4,3,4,4,3,4,3,4,4,3,3,3,4,5,4,3,3,4,5,3
"DB00003",NA,NA,NA,NA,NA,NA,NA,NA,NA,NA,NA,NA,NA,NA,NA,NA,NA,NA,NA,NA,NA,NA,NA,NA,NA,NA,NA,NA,NA,NA,NA,NA,NA,NA,NA
"DB09274",NA,NA,NA,NA,NA,NA,NA,NA,NA,NA,NA,NA,NA,NA,NA,NA,NA,NA,NA,NA,NA,NA,NA,NA,NA,NA,NA,NA,NA,NA,NA,NA,NA,NA,NA
"DB13132",NA,NA,NA,NA,NA,NA,NA,NA,NA,NA,NA,NA,NA,NA,NA,NA,NA,NA,NA,NA,NA,NA,NA,NA,NA,NA,NA,NA,NA,NA,NA,NA,NA,NA,NA
"DB06515",4,4,4,4,4,4,5,4,4,5,4,4,4,4,5,4,4,4,4,4,4,5,4,4,3,4,4,4,6,4,4,4,4,6,4
"DB00146",4,4,4,4,4,4,4,4,4,4,4,4,4,3,4,4,4,4,4,4,4,4,4,4,4,4,4,4,5,4,3,3,4,5,4
"DB00107",4,4,4,4,4,4,4,4,4,4,4,4,4,4,4,4,4,4,4,3,4,4,4,4,4,4,4,4,6,4,4,3,4,6,4
"DB11767",4,4,4,3,4,4,4,4,4,4,4,4,4,4,3,4,4,4,4,4,4,4,4,4,3,4,4,4,6,4,4,3,4,6,4
"DB00742",NA,NA,NA,NA,NA,NA,NA,NA,NA,NA,NA,NA,NA,NA,NA,NA,NA,NA,NA,NA,NA,NA,NA,NA,NA,NA,NA,NA,NA,NA,NA,NA,NA,NA,NA
"DB00060",4,4,4,4,4,3,4,3,3,4,4,4,4,4,4,4,4,4,4,4,4,4,4,4,4,4,4,4,6,4,4,4,4,6,3
"DB09113",NA,NA,NA,NA,NA,NA,NA,NA,NA,NA,NA,NA,NA,NA,NA,NA,NA,NA,NA,NA,NA,NA,NA,NA,NA,NA,NA,NA,NA,NA,NA,NA,NA,NA,NA
"DB00848",4,4,4,4,4,4,4,4,4,5,4,4,4,4,5,4,4,4,3,4,4,4,4,4,4,4,3,4,6,4,4,4,4,6,4
"DB13156",NA,NA,NA,NA,NA,NA,NA,NA,NA,NA,NA,NA,NA,NA,NA,NA,NA,NA,NA,NA,NA,NA,NA,NA,NA,NA,NA,NA,NA,NA,NA,NA,NA,NA,NA
"DB08954",4,3,4,3,4,3,4,4,3,4,4,4,4,4,4,4,3,4,4,4,4,4,4,4,3,4,4,4,6,4,4,4,4,6,3
"DB00608",3,4,4,2,3,4,4,3,3,4,3,4,4,4,4,4,3,3,4,4,3,4,4,4,3,3,4,4,4,4,2,2,4,4,3
"DB01050",3,3,3,3,4,3,4,3,3,4,4,4,4,3,4,3,3,4,3,3,4,4,3,4,3,3,3,4,5,3,3,3,3,5,4
"DB15636",NA,NA,NA,NA,NA,NA,NA,NA,NA,NA,NA,NA,NA,NA,NA,NA,NA,NA,NA,NA,NA,NA,NA,NA,NA,NA,NA,NA,NA,NA,NA,NA,NA,NA,NA
"DB15035",3,3,3,3,3,3,4,3,3,4,3,3,3,3,3,3,3,3,4,3,4,4,3,3,3,3,3,4,5,4,3,3,3,5,3
"DB04977",NA,NA,NA,NA,NA,NA,NA,NA,NA,NA,NA,NA,NA,NA,NA,NA,NA,NA,NA,NA,NA,NA,NA,NA,NA,NA,NA,NA,NA,NA,NA,NA,NA,NA,NA
"DB01410",4,3,3,3,4,4,4,4,3,4,4,4,3,3,4,4,3,3,4,3,4,4,4,4,3,3,4,4,5,4,3,3,4,5,4
"DB12849",NA,NA,NA,NA,NA,NA,NA,NA,NA,NA,NA,NA,NA,NA,NA,NA,NA,NA,NA,NA,NA,NA,NA,NA,NA,NA,NA,NA,NA,NA,NA,NA,NA,NA,NA
"DB11803",NA,NA,NA,NA,NA,NA,NA,NA,NA,NA,NA,NA,NA,NA,NA,NA,NA,NA,NA,NA,NA,NA,NA,NA,NA,NA,NA,NA,NA,NA,NA,NA,NA,NA,NA
"DB11703",3,4,3,4,4,4,4,3,3,4,4,4,4,3,3,4,3,3,4,4,4,4,4,4,3,3,4,4,5,4,3,3,3,5,4
"DB13127",NA,NA,NA,NA,NA,NA,NA,NA,NA,NA,NA,NA,NA,NA,NA,NA,NA,NA,NA,NA,NA,NA,NA,NA,NA,NA,NA,NA,NA,NA,NA,NA,NA,NA,NA
"DB01076",4,3,3,3,4,4,4,3,3,4,4,4,4,2,4,4,3,3,3,3,4,4,4,4,3,4,3,3,5,3,3,3,3,5,3
"DB01042",NA,NA,NA,NA,NA,NA,NA,NA,NA,NA,NA,NA,NA,NA,NA,NA,NA,NA,NA,NA,NA,NA,NA,NA,NA,NA,NA,NA,NA,NA,NA,NA,NA,NA,NA
"DB00105",4,4,4,4,4,3,4,3,3,4,4,4,4,4,4,4,4,4,4,4,4,4,4,4,4,4,4,4,6,4,4,4,4,6,3
"DB05258",4,4,4,4,4,3,4,3,3,4,4,4,4,4,4,4,4,4,4,4,4,4,4,4,4,4,4,4,6,4,4,4,4,6,4
"DB01373",3,3,3,3,3,3,4,3,3,4,3,4,3,4,4,4,3,3,3,3,4,4,4,4,3,3,3,3,5,3,3,3,3,5,4
"DB15446",NA,NA,NA,NA,NA,NA,NA,NA,NA,NA,NA,NA,NA,NA,NA,NA,NA,NA,NA,NA,NA,NA,NA,NA,NA,NA,NA,NA,NA,NA,NA,NA,NA,NA,NA
"DB11997",NA,NA,NA,NA,NA,NA,NA,NA,NA,NA,NA,NA,NA,NA,NA,NA,NA,NA,NA,NA,NA,NA,NA,NA,NA,NA,NA,NA,NA,NA,NA,NA,NA,NA,NA
"DB01593",3,3,3,3,3,3,3,3,3,3,3,3,3,3,3,4,3,3,3,3,3,3,3,3,3,3,3,3,5,3,3,3,3,5,3
"DB08877",3,4,3,4,4,3,4,3,3,4,4,4,4,3,4,4,4,4,4,3,4,4,4,4,3,3,4,4,5,4,3,3,3,5,3
"DB14644",NA,NA,NA,NA,NA,NA,NA,NA,NA,NA,NA,NA,NA,NA,NA,NA,NA,NA,NA,NA,NA,NA,NA,NA,NA,NA,NA,NA,NA,NA,NA,NA,NA,NA,NA
"DB00472",4,3,3,4,3,4,4,3,3,4,3,4,4,4,4,4,3,4,3,3,4,4,4,3,3,4,3,4,6,4,4,3,4,6,4
"DB09241",4,4,4,4,4,4,4,4,3,4,4,4,4,4,4,4,4,4,3,4,3,4,4,4,4,3,4,4,6,4,4,3,4,6,4
"DB06303",NA,NA,NA,NA,NA,NA,NA,NA,NA,NA,NA,NA,NA,NA,NA,NA,NA,NA,NA,NA,NA,NA,NA,NA,NA,NA,NA,NA,NA,NA,NA,NA,NA,NA,NA
"DB09053",3,4,3,4,4,4,4,3,3,4,4,4,4,3,3,4,3,3,4,4,4,4,4,4,3,3,4,4,5,4,3,3,3,5,4
"DB00877",4,3,3,4,4,4,4,3,3,4,3,3,4,4,4,4,3,4,4,4,3,4,3,4,3,3,4,3,5,3,3,3,3,5,4
"DB01390",NA,NA,NA,NA,NA,NA,NA,NA,NA,NA,NA,NA,NA,NA,NA,NA,NA,NA,NA,NA,NA,NA,NA,NA,NA,NA,NA,NA,NA,NA,NA,NA,NA,NA,NA
"DB01222",4,3,3,3,3,4,4,3,3,4,4,4,3,3,4,4,3,3,4,3,4,4,4,4,3,3,4,3,5,3,3,3,3,5,3
"DB06151",4,3,3,3,4,3,4,3,3,4,4,3,4,3,3,4,3,4,3,4,4,4,4,4,3,3,3,4,5,4,3,3,4,5,3
"DB01128",3,3,3,3,3,3,4,3,3,4,4,4,3,3,4,4,3,3,3,3,4,4,4,3,3,4,3,4,5,4,3,3,4,5,3
"DB12668",4,3,4,4,4,4,4,4,4,4,4,4,4,4,5,4,4,4,4,4,3,4,4,4,4,3,4,4,5,4,3,3,4,5,4
"DB15687",NA,NA,NA,NA,NA,NA,NA,NA,NA,NA,NA,NA,NA,NA,NA,NA,NA,NA,NA,NA,NA,NA,NA,NA,NA,NA,NA,NA,NA,NA,NA,NA,NA,NA,NA
"DB13729",4,3,4,2,4,4,4,4,3,4,4,4,4,4,4,4,4,3,4,4,4,4,4,4,3,4,3,4,5,4,3,3,4,5,4
"DB09322",NA,NA,NA,NA,NA,NA,NA,NA,NA,NA,NA,NA,NA,NA,NA,NA,NA,NA,NA,NA,NA,NA,NA,NA,NA,NA,NA,NA,NA,NA,NA,NA,NA,NA,NA
"DB08813",3,3,3,3,3,3,4,3,3,3,4,3,4,3,4,4,3,3,3,3,4,4,3,3,3,3,3,4,5,3,3,3,3,5,3
"DB06779",4,3,4,3,4,3,4,4,4,4,4,4,4,4,4,4,4,4,3,4,4,4,4,4,3,3,4,4,5,3,3,3,3,5,3
"DB06822",4,3,3,3,4,3,4,3,3,4,3,4,3,4,4,4,3,4,3,4,4,4,4,4,3,3,4,4,5,4,3,3,3,5,3
"DB12768",NA,NA,NA,NA,NA,NA,NA,NA,NA,NA,NA,NA,NA,NA,NA,NA,NA,NA,NA,NA,NA,NA,NA,NA,NA,NA,NA,NA,NA,NA,NA,NA,NA,NA,NA
"DB11952",4,4,4,4,4,4,4,4,4,4,4,3,4,4,4,4,3,4,4,4,4,4,4,4,4,4,4,4,6,4,4,3,4,6,3
"DB00343",4,4,4,4,4,4,5,4,3,4,4,4,4,4,5,4,3,4,4,4,4,4,4,4,4,4,4,4,6,4,4,4,4,6,4
"DB08882",4,3,4,4,4,4,4,4,4,4,4,4,4,4,4,4,4,4,4,3,4,4,4,4,3,4,4,4,6,4,4,4,4,6,4
"DB00254",NA,NA,NA,NA,NA,NA,NA,NA,NA,NA,NA,NA,NA,NA,NA,NA,NA,NA,NA,NA,NA,NA,NA,NA,NA,NA,NA,NA,NA,NA,NA,NA,NA,NA,NA
"DB02285",4,4,4,4,4,4,4,4,3,4,4,4,4,4,4,5,4,4,4,4,3,5,4,5,3,4,4,4,6,4,4,3,4,6,4
"DB09570",NA,NA,NA,NA,NA,NA,NA,NA,NA,NA,NA,NA,NA,NA,NA,NA,NA,NA,NA,NA,NA,NA,NA,NA,NA,NA,NA,NA,NA,NA,NA,NA,NA,NA,NA
"DB00198",4,4,4,4,4,4,5,4,4,3,4,4,4,4,5,4,4,4,4,4,4,4,4,4,2,3,4,4,6,4,4,3,4,6,4
"DB13973",NA,NA,NA,NA,NA,NA,NA,NA,NA,NA,NA,NA,NA,NA,NA,NA,NA,NA,NA,NA,NA,NA,NA,NA,NA,NA,NA,NA,NA,NA,NA,NA,NA,NA,NA
"DB00126",4,3,3,4,3,4,4,3,3,4,3,3,3,3,4,3,3,4,3,3,4,4,4,4,2,3,3,3,5,3,3,3,3,5,3
"DB00151",4,3,3,3,4,4,4,3,3,3,3,3,3,4,3,4,3,3,4,4,3,4,3,4,3,3,3,3,5,3,3,3,3,5,4
"DB12510",NA,NA,NA,NA,NA,NA,NA,NA,NA,NA,NA,NA,NA,NA,NA,NA,NA,NA,NA,NA,NA,NA,NA,NA,NA,NA,NA,NA,NA,NA,NA,NA,NA,NA,NA
"DB00945",3,3,3,3,3,3,3,3,3,3,3,3,3,3,3,3,3,3,3,3,3,3,3,3,3,3,3,3,5,3,3,3,3,5,3
"DB00569",4,3,4,3,4,4,4,4,4,4,4,4,4,4,4,5,4,4,4,4,4,4,4,4,3,4,4,4,6,4,4,3,4,6,4
"DB00775",4,4,4,3,4,4,4,4,3,4,3,4,4,4,4,4,4,4,4,4,4,4,4,4,3,4,3,4,6,4,4,3,4,6,4
"DB00758",4,3,4,4,4,4,4,4,4,5,4,4,4,4,5,4,4,4,4,4,4,4,4,4,4,4,3,4,6,4,4,4,4,6,4
"DB00477",3,3,3,3,4,3,4,3,3,4,3,3,3,4,4,4,3,3,3,4,3,4,3,3,3,4,3,3,5,3,3,3,3,5,4
"DB00026",4,4,4,3,4,4,4,3,4,4,4,4,4,4,4,5,4,4,4,4,4,4,4,4,3,4,4,4,6,4,4,3,4,6,4
"DB00741",4,3,3,3,3,4,4,3,3,4,4,4,3,3,4,4,3,3,4,3,4,4,4,4,3,3,4,3,5,3,3,3,3,5,3
"DB00178",3,3,4,3,4,4,5,4,4,4,4,4,4,4,4,4,3,4,4,4,4,4,3,4,4,4,3,4,5,4,3,3,4,5,4
"DB01221",3,3,4,4,3,4,4,4,3,4,3,4,4,4,4,4,3,3,3,4,3,4,3,3,4,3,3,4,5,3,3,3,3,5,4
"DB00704",4,3,3,4,4,4,4,3,4,4,4,4,4,4,4,2,3,4,4,4,3,4,4,4,4,3,4,3,5,3,3,3,3,5,4
"DB14761",4,4,4,4,5,5,5,1,4,1,4,4,5,4,5,4,4,4,4,4,4,5,4,4,4,4,4,4,6,4,4,4,4,6,4
"DB15121",NA,NA,NA,NA,NA,NA,NA,NA,NA,NA,NA,NA,NA,NA,NA,NA,NA,NA,NA,NA,NA,NA,NA,NA,NA,NA,NA,NA,NA,NA,NA,NA,NA,NA,NA
"DB01261",4,3,4,4,4,4,4,4,4,4,4,4,4,4,4,4,4,4,4,3,4,4,4,4,3,4,4,4,6,4,4,4,4,6,4
"DB00457",4,4,4,4,4,3,4,4,3,4,4,4,4,4,4,4,3,4,4,4,4,4,4,4,4,4,4,4,5,4,3,3,3,5,4
"DB06168",4,4,4,4,4,4,4,3,4,4,4,4,4,4,4,5,4,4,4,4,4,4,4,4,3,4,4,4,6,4,4,3,4,6,3
"DB00396",3,3,3,3,3,3,4,3,3,3,4,3,3,3,4,4,3,3,3,3,3,4,4,3,3,3,3,4,5,4,3,3,3,5,3
"DB01060",NA,NA,NA,NA,NA,NA,NA,NA,NA,NA,NA,NA,NA,NA,NA,NA,NA,NA,NA,NA,NA,NA,NA,NA,NA,NA,NA,NA,NA,NA,NA,NA,NA,NA,NA
"DB00766",NA,NA,NA,NA,NA,NA,NA,NA,NA,NA,NA,NA,NA,NA,NA,NA,NA,NA,NA,NA,NA,NA,NA,NA,NA,NA,NA,NA,NA,NA,NA,NA,NA,NA,NA
"DB00480",3,4,4,3,4,4,4,4,4,3,4,4,4,4,4,4,3,4,3,3,4,4,4,4,4,4,4,4,6,4,4,3,4,6,3
"DB01097",4,3,3,3,4,3,4,3,3,3,3,3,4,4,4,4,3,4,3,4,4,4,4,4,3,3,4,4,6,4,4,3,4,6,3
"DB06260",NA,NA,NA,NA,NA,NA,NA,NA,NA,NA,NA,NA,NA,NA,NA,NA,NA,NA,NA,NA,NA,NA,NA,NA,NA,NA,NA,NA,NA,NA,NA,NA,NA,NA,NA
"DB01236",4,4,3,4,4,4,4,4,3,4,4,4,4,4,4,4,3,4,4,4,3,4,4,4,3,4,3,3,5,3,3,3,3,5,4
"DB00818",4,4,4,4,4,4,4,4,3,4,4,4,4,3,4,4,3,4,4,4,3,4,4,4,3,3,3,4,6,4,4,4,4,6,4
"DB00635",4,3,3,3,4,4,4,4,3,4,4,4,3,3,4,4,3,3,4,3,4,4,4,4,3,3,4,4,5,4,3,3,4,5,4
"DB00783",3,3,3,3,4,3,4,3,3,3,4,4,4,3,4,3,3,3,3,3,3,4,4,3,3,4,3,4,5,4,3,3,3,5,3
"DB00633",4,4,4,4,4,4,5,4,4,4,4,4,4,4,4,4,3,4,4,4,4,4,4,5,4,4,4,4,6,4,4,4,4,6,4
"DB00009",4,3,4,3,4,4,3,3,3,4,4,4,4,4,4,4,4,4,3,4,4,4,4,4,3,4,3,4,5,4,3,3,4,5,3
"DB01430",4,3,4,3,3,3,4,3,4,4,4,4,4,4,4,4,3,4,3,3,4,4,3,4,4,4,4,4,5,4,3,3,4,5,4
"DB00440",NA,NA,NA,NA,NA,NA,NA,NA,NA,NA,NA,NA,NA,NA,NA,NA,NA,NA,NA,NA,NA,NA,NA,NA,NA,NA,NA,NA,NA,NA,NA,NA,NA,NA,NA
"DB01015",NA,NA,NA,NA,NA,NA,NA,NA,NA,NA,NA,NA,NA,NA,NA,NA,NA,NA,NA,NA,NA,NA,NA,NA,NA,NA,NA,NA,NA,NA,NA,NA,NA,NA,NA
"DB00773",4,3,3,4,3,4,4,3,3,4,4,4,4,3,4,4,3,3,3,3,3,4,4,4,3,4,3,4,5,4,3,3,4,5,3
"DB09035",4,3,4,4,4,4,4,4,4,4,3,4,4,4,4,5,4,4,4,4,4,5,4,5,4,4,4,4,6,4,4,4,4,6,4
"DB11942",3,3,3,3,3,3,4,3,3,4,3,3,3,3,4,4,3,3,3,4,3,4,3,3,4,3,4,4,5,4,3,3,4,5,3
"DB01257",4,4,4,4,4,4,5,4,4,4,4,5,4,5,5,4,4,4,4,4,4,5,4,5,4,4,4,4,6,4,4,4,4,6,3
"DB01197",3,3,4,3,4,4,4,4,4,4,4,4,4,4,4,4,3,4,3,4,4,4,3,4,3,4,3,4,5,4,3,3,4,5,3
"DB09019",NA,NA,NA,NA,NA,NA,NA,NA,NA,NA,NA,NA,NA,NA,NA,NA,NA,NA,NA,NA,NA,NA,NA,NA,NA,NA,NA,NA,NA,NA,NA,NA,NA,NA,NA
"DB00158",4,4,4,4,4,4,4,4,4,3,4,4,4,4,4,4,4,4,4,4,4,4,4,5,4,4,4,4,6,4,4,4,4,6,4
"DB15313",NA,NA,NA,NA,NA,NA,NA,NA,NA,NA,NA,NA,NA,NA,NA,NA,NA,NA,NA,NA,NA,NA,NA,NA,NA,NA,NA,NA,NA,NA,NA,NA,NA,NA,NA
"DB01065",4,3,3,3,4,3,4,3,3,3,3,3,4,3,4,4,3,3,3,3,3,4,4,4,3,4,4,3,5,3,3,3,3,5,3
"DB00563",4,3,4,4,4,4,4,4,3,3,3,4,4,4,4,4,4,3,4,4,4,4,4,4,3,4,3,4,5,4,3,3,4,5,3
"DB12598",4,3,3,3,4,4,4,3,3,4,4,4,4,4,4,4,4,4,4,4,4,4,4,4,3,4,3,4,5,3,3,3,3,5,3
"DB00661",4,4,3,4,4,3,4,4,3,4,4,4,4,4,4,4,3,4,4,4,4,4,4,4,3,4,4,4,5,4,3,3,3,5,4
"DB01118",4,3,3,3,4,3,4,3,3,4,3,3,3,3,4,3,3,4,3,3,4,3,4,4,3,3,3,3,5,3,3,3,3,5,3
"DB00736",4,3,3,4,4,4,4,4,4,4,4,4,4,4,4,4,3,4,4,4,4,4,4,4,3,4,3,3,5,3,3,3,3,5,4
"DB15280",NA,NA,NA,NA,NA,NA,NA,NA,NA,NA,NA,NA,NA,NA,NA,NA,NA,NA,NA,NA,NA,NA,NA,NA,NA,NA,NA,NA,NA,NA,NA,NA,NA,NA,NA
"DB15148",NA,NA,NA,NA,NA,NA,NA,NA,NA,NA,NA,NA,NA,NA,NA,NA,NA,NA,NA,NA,NA,NA,NA,NA,NA,NA,NA,NA,NA,NA,NA,NA,NA,NA,NA
"DB05386",4,4,4,4,4,4,5,4,3,4,4,4,4,4,4,5,4,4,4,4,4,5,5,5,4,4,4,4,6,4,4,4,4,6,4
"DB13609",NA,NA,NA,NA,NA,NA,NA,NA,NA,NA,NA,NA,NA,NA,NA,NA,NA,NA,NA,NA,NA,NA,NA,NA,NA,NA,NA,NA,NA,NA,NA,NA,NA,NA,NA
"DB00068",4,4,4,4,4,3,4,3,3,4,4,4,4,4,4,4,4,4,4,4,4,4,4,4,4,4,4,4,6,4,4,4,4,6,3
"DB01087",4,4,3,4,4,4,4,4,3,4,4,4,4,4,4,4,4,4,4,4,4,4,4,4,4,4,4,3,5,3,3,3,3,5,3
"DB01190",NA,NA,NA,NA,NA,NA,NA,NA,NA,NA,NA,NA,NA,NA,NA,NA,NA,NA,NA,NA,NA,NA,NA,NA,NA,NA,NA,NA,NA,NA,NA,NA,NA,NA,NA
"DB00339",NA,NA,NA,NA,NA,NA,NA,NA,NA,NA,NA,NA,NA,NA,NA,NA,NA,NA,NA,NA,NA,NA,NA,NA,NA,NA,NA,NA,NA,NA,NA,NA,NA,NA,NA
"DB00641",4,4,3,3,4,4,4,3,3,4,4,4,4,2,4,4,3,3,4,4,4,4,4,4,3,4,3,3,5,3,3,3,3,5,3
"DB00279",3,4,3,4,3,3,4,4,4,4,4,4,3,3,4,4,3,3,4,3,4,4,4,4,3,3,4,3,5,3,3,3,3,5,4
"DB04932",4,4,4,4,4,4,4,3,4,4,3,4,4,4,4,4,4,4,4,4,4,4,4,4,3,4,4,4,6,4,4,3,4,6,4
"DB14545",NA,NA,NA,NA,NA,NA,NA,NA,NA,NA,NA,NA,NA,NA,NA,NA,NA,NA,NA,NA,NA,NA,NA,NA,NA,NA,NA,NA,NA,NA,NA,NA,NA,NA,NA
"DB06683",NA,NA,NA,NA,NA,NA,NA,NA,NA,NA,NA,NA,NA,NA,NA,NA,NA,NA,NA,NA,NA,NA,NA,NA,NA,NA,NA,NA,NA,NA,NA,NA,NA,NA,NA
"DB14242",NA,NA,NA,NA,NA,NA,NA,NA,NA,NA,NA,NA,NA,NA,NA,NA,NA,NA,NA,NA,NA,NA,NA,NA,NA,NA,NA,NA,NA,NA,NA,NA,NA,NA,NA
"DB05941",4,4,4,4,4,4,5,4,4,4,4,4,4,4,4,4,4,4,4,4,4,4,4,4,4,4,4,4,6,4,4,4,4,6,4
"DB00358",4,4,4,4,4,4,4,3,4,4,3,4,4,4,4,4,4,4,4,4,4,5,4,4,3,4,4,4,6,4,4,4,4,6,4
"DB15688",4,4,4,4,4,4,5,4,4,5,4,4,4,4,4,5,4,4,4,4,4,4,4,4,4,4,3,4,6,4,4,4,4,6,4
"DB00421",3,3,3,3,3,3,4,3,3,4,4,3,3,3,4,3,3,3,3,3,3,4,4,3,3,3,3,4,5,4,3,3,3,5,3
"DB00584",4,4,4,3,4,4,5,4,4,5,4,4,4,4,5,5,3,4,4,4,4,4,4,5,4,4,4,4,5,4,3,3,4,5,4
"DB11779",NA,NA,NA,NA,NA,NA,NA,NA,NA,NA,NA,NA,NA,NA,NA,NA,NA,NA,NA,NA,NA,NA,NA,NA,NA,NA,NA,NA,NA,NA,NA,NA,NA,NA,NA
"DB00112",4,4,4,3,4,4,4,4,4,4,4,4,4,4,4,4,4,4,3,4,3,4,4,4,3,3,4,4,6,4,4,3,4,6,3
"DB00328",4,3,3,3,4,4,4,4,3,4,4,4,4,3,4,4,3,3,4,3,3,4,4,4,3,3,3,4,5,4,3,3,4,5,4
"DB11061",NA,NA,NA,NA,NA,NA,NA,NA,NA,NA,NA,NA,NA,NA,NA,NA,NA,NA,NA,NA,NA,NA,NA,NA,NA,NA,NA,NA,NA,NA,NA,NA,NA,NA,NA
"DB05382",5,4,4,4,5,4,4,4,4,5,4,4,5,5,5,4,4,4,4,4,5,5,5,4,4,4,4,5,6,5,4,4,4,6,4
"DB00878",NA,NA,NA,NA,NA,NA,NA,NA,NA,NA,NA,NA,NA,NA,NA,NA,NA,NA,NA,NA,NA,NA,NA,NA,NA,NA,NA,NA,NA,NA,NA,NA,NA,NA,NA
"DB00545",4,3,4,4,4,4,4,3,3,4,4,4,4,4,4,4,3,3,4,4,4,4,4,4,3,4,4,4,6,4,4,3,4,6,4
"DB12453",NA,NA,NA,NA,NA,NA,NA,NA,NA,NA,NA,NA,NA,NA,NA,NA,NA,NA,NA,NA,NA,NA,NA,NA,NA,NA,NA,NA,NA,NA,NA,NA,NA,NA,NA
"DB04465",4,4,3,3,4,4,4,4,3,3,4,4,4,4,4,3,3,3,4,4,4,4,4,4,3,4,4,4,6,4,4,3,4,6,3
"DB00176",4,4,4,4,4,4,4,4,3,4,4,4,4,4,4,4,3,4,4,4,4,4,4,4,4,4,4,4,6,4,4,4,4,6,4
"DB00864",4,4,4,4,4,4,4,3,3,4,4,3,4,4,4,4,4,4,4,4,4,4,3,4,3,3,4,4,5,4,3,3,3,5,4
"DB01117",4,3,4,4,4,4,4,4,4,3,4,4,4,4,4,4,4,4,4,4,4,4,4,4,4,4,3,4,6,4,4,4,4,6,4
"DB09079",3,3,3,3,3,3,4,3,3,4,3,4,4,4,4,4,3,3,3,4,4,4,4,4,3,3,3,4,5,4,3,3,4,5,3
"DB09037",4,3,4,4,4,4,4,4,4,4,3,4,4,4,4,5,4,4,4,4,4,5,4,5,4,4,4,4,6,4,4,4,4,6,4
"DB00159",4,3,3,3,4,3,4,4,3,4,4,3,4,3,4,4,3,4,3,3,4,4,4,4,3,4,4,4,5,4,3,3,4,5,4
"DB00879",NA,NA,NA,NA,NA,NA,NA,NA,NA,NA,NA,NA,NA,NA,NA,NA,NA,NA,NA,NA,NA,NA,NA,NA,NA,NA,NA,NA,NA,NA,NA,NA,NA,NA,NA
"DB00300",NA,NA,NA,NA,NA,NA,NA,NA,NA,NA,NA,NA,NA,NA,NA,NA,NA,NA,NA,NA,NA,NA,NA,NA,NA,NA,NA,NA,NA,NA,NA,NA,NA,NA,NA
"DB05511",4,3,4,4,4,4,5,4,4,5,4,4,5,4,4,5,4,4,4,4,5,5,4,5,4,4,4,4,6,4,4,4,4,6,4
"DB00338",4,3,4,3,4,4,4,4,4,4,4,4,4,4,4,4,3,4,3,4,4,4,4,4,3,4,3,4,6,4,4,3,4,6,3
"DB11720",NA,NA,NA,NA,NA,NA,NA,NA,NA,NA,NA,NA,NA,NA,NA,NA,NA,NA,NA,NA,NA,NA,NA,NA,NA,NA,NA,NA,NA,NA,NA,NA,NA,NA,NA
"DB01043",4,3,4,3,4,3,4,4,3,4,4,4,4,4,4,4,3,4,4,4,3,4,4,4,3,4,3,4,6,4,4,3,4,6,3
"DB00983",4,3,4,3,4,4,4,3,3,4,3,4,3,4,4,4,3,4,4,3,4,3,4,4,3,3,3,4,5,4,3,3,4,5,3
"DB09036",3,4,4,4,4,4,5,4,4,4,4,4,4,4,4,4,4,4,4,4,4,4,4,4,3,4,4,4,6,4,4,4,4,6,4
"DB00381",4,3,3,4,4,4,4,4,3,4,4,3,3,4,4,3,3,4,4,4,4,4,4,4,3,4,4,3,5,3,3,3,3,5,4
"DB01054",4,4,4,3,4,4,4,4,3,4,4,4,4,4,4,3,3,4,3,3,4,4,4,4,3,4,4,4,6,4,4,4,4,6,4
"DB01023",4,3,3,3,4,4,4,3,3,4,3,4,4,4,4,3,3,4,3,3,4,4,4,4,3,4,4,3,5,3,3,3,3,5,4
"DB01115",4,3,3,3,4,4,4,3,3,4,4,4,4,4,4,3,3,4,3,3,4,4,4,4,4,4,4,3,5,3,3,3,3,5,4
"DB00622",4,3,3,3,4,3,4,3,3,4,3,4,4,4,4,3,3,3,3,3,4,4,4,3,3,4,3,3,5,3,3,3,3,5,4
"DB00393",4,4,4,3,4,4,4,4,3,4,4,4,4,4,4,3,3,4,3,3,4,4,4,4,3,4,4,4,6,4,4,3,4,6,3
"DB00880",4,3,4,4,4,4,4,4,4,4,4,4,4,4,4,4,4,4,4,4,4,4,4,4,4,4,4,4,6,4,4,4,4,6,4
"DB00524",4,4,4,4,4,4,5,4,4,4,4,4,5,4,4,5,4,4,4,4,4,4,4,5,4,4,4,4,6,4,4,4,4,6,4
"DB00808",4,4,4,4,4,4,5,4,4,4,4,4,5,4,4,5,4,4,4,4,4,4,4,5,4,4,4,4,6,4,4,4,4,6,4
"DB00436",4,3,4,3,4,4,4,4,4,4,4,4,4,4,3,4,3,4,4,4,4,4,4,4,3,4,4,4,5,4,3,3,3,5,3
"DB00999",4,3,4,3,4,4,4,4,4,4,4,4,4,4,3,4,3,4,4,4,4,4,4,4,3,4,4,4,5,4,3,3,3,5,3
"DB00310",4,3,4,4,4,4,4,4,4,4,4,4,4,4,4,4,4,4,4,4,4,4,4,4,4,4,4,4,6,4,4,4,4,6,4
"DB00492",4,4,4,3,4,4,5,4,4,5,4,4,4,4,5,5,3,4,4,4,4,4,4,5,4,4,4,4,5,4,3,3,4,5,4
"DB00790",4,4,4,3,4,3,4,4,4,4,4,4,4,4,4,4,3,4,3,4,4,4,4,4,3,4,4,4,5,4,3,3,4,5,4
"DB00542",4,4,4,3,4,4,5,4,4,5,4,4,4,4,5,5,3,4,4,4,4,4,4,5,4,4,4,4,5,4,3,3,4,5,4
"DB00881",4,4,4,3,4,4,5,4,4,5,4,4,4,4,5,5,3,4,4,4,4,4,4,5,4,4,4,4,5,4,3,3,4,5,4
"DB00722",4,4,4,3,4,4,4,4,4,4,4,4,4,4,4,4,3,4,4,4,4,4,4,5,4,4,4,4,5,4,3,3,4,5,4
"DB00519",4,4,4,3,4,4,5,4,4,5,4,4,4,4,5,5,3,4,4,4,4,4,4,5,4,4,4,4,5,4,3,3,4,5,4
"DB00020",4,4,3,3,4,4,4,4,3,3,4,4,4,4,4,4,4,4,3,4,4,4,4,4,3,4,4,4,5,3,3,3,3,5,4
"DB12580",NA,NA,NA,NA,NA,NA,NA,NA,NA,NA,NA,NA,NA,NA,NA,NA,NA,NA,NA,NA,NA,NA,NA,NA,NA,NA,NA,NA,NA,NA,NA,NA,NA,NA,NA
"DB00788",4,4,4,4,4,4,4,4,4,4,4,4,4,4,4,4,3,4,4,3,4,4,4,4,4,4,4,4,6,4,4,4,4,6,4
"DB00316",4,4,3,3,4,4,4,4,4,4,4,4,3,3,4,4,3,4,4,3,4,4,4,4,3,3,3,4,5,4,3,3,4,5,3
"DB15656",NA,NA,NA,NA,NA,NA,NA,NA,NA,NA,NA,NA,NA,NA,NA,NA,NA,NA,NA,NA,NA,NA,NA,NA,NA,NA,NA,NA,NA,NA,NA,NA,NA,NA,NA
"DB14999",4,4,4,4,4,3,4,3,3,4,4,4,4,4,4,4,4,4,4,4,4,4,4,4,4,4,4,4,6,4,4,4,4,6,4
"DB14724",4,4,4,4,4,4,4,4,4,4,4,4,4,4,4,5,4,4,4,4,4,4,4,4,4,4,4,4,6,4,4,4,4,6,4
"DB14066",4,4,4,4,4,4,4,4,4,4,4,4,4,4,5,4,4,4,4,4,4,4,4,4,4,4,3,4,6,4,4,4,4,6,4
"DB00203",4,4,4,4,4,4,4,4,3,4,4,3,4,4,4,4,4,4,4,4,4,4,4,4,4,4,4,4,6,4,4,3,4,6,4
"DB00062",NA,NA,NA,NA,NA,NA,NA,NA,NA,NA,NA,NA,NA,NA,NA,NA,NA,NA,NA,NA,NA,NA,NA,NA,NA,NA,NA,NA,NA,NA,NA,NA,NA,NA,NA
"DB15654",NA,NA,NA,NA,NA,NA,NA,NA,NA,NA,NA,NA,NA,NA,NA,NA,NA,NA,NA,NA,NA,NA,NA,NA,NA,NA,NA,NA,NA,NA,NA,NA,NA,NA,NA
"DB08868",3,3,3,3,4,4,4,3,3,4,4,4,4,3,4,4,3,3,3,4,4,4,3,4,3,4,3,4,5,4,3,3,4,5,3
"DB01041",3,3,3,3,4,4,4,3,3,3,3,4,4,3,4,4,3,3,3,3,3,4,4,4,3,3,3,4,5,4,3,3,4,5,3
"DB09104",NA,NA,NA,NA,NA,NA,NA,NA,NA,NA,NA,NA,NA,NA,NA,NA,NA,NA,NA,NA,NA,NA,NA,NA,NA,NA,NA,NA,NA,NA,NA,NA,NA,NA,NA
"DB09145",NA,NA,NA,NA,NA,NA,NA,NA,NA,NA,NA,NA,NA,NA,NA,NA,NA,NA,NA,NA,NA,NA,NA,NA,NA,NA,NA,NA,NA,NA,NA,NA,NA,NA,NA
"DB15623",NA,NA,NA,NA,NA,NA,NA,NA,NA,NA,NA,NA,NA,NA,NA,NA,NA,NA,NA,NA,NA,NA,NA,NA,NA,NA,NA,NA,NA,NA,NA,NA,NA,NA,NA
"DB01264",NA,NA,NA,NA,NA,NA,NA,NA,NA,NA,NA,NA,NA,NA,NA,NA,NA,NA,NA,NA,NA,NA,NA,NA,NA,NA,NA,NA,NA,NA,NA,NA,NA,NA,NA
"DB09065",NA,NA,NA,NA,NA,NA,NA,NA,NA,NA,NA,NA,NA,NA,NA,NA,NA,NA,NA,NA,NA,NA,NA,NA,NA,NA,NA,NA,NA,NA,NA,NA,NA,NA,NA
"DB12141",3,3,4,3,4,3,4,3,3,4,4,4,4,4,4,4,3,4,4,4,4,4,3,3,3,3,3,4,5,3,3,3,3,5,3
"DB00987",4,4,4,4,4,4,4,4,3,4,4,4,4,4,4,5,4,4,4,4,4,4,4,4,4,4,4,4,6,4,4,4,4,6,4
"DB00099",4,4,4,3,4,3,4,4,4,4,4,4,4,4,4,4,4,4,3,4,4,4,4,4,3,4,3,4,5,3,3,3,3,5,4
"DB01073",4,3,3,4,2,4,4,3,4,4,4,4,4,4,4,3,4,4,4,4,4,4,3,4,3,4,4,3,5,3,3,3,3,5,4
"DB13007",4,4,4,4,4,4,5,4,4,4,4,4,4,4,4,4,4,4,4,4,4,5,5,4,4,4,4,4,6,4,4,4,4,6,4
"DB14597",4,4,4,3,4,4,4,4,4,4,4,4,4,4,4,4,4,4,4,4,4,4,4,4,3,4,4,4,6,4,4,4,4,6,4
"DB01104",4,3,3,4,4,4,4,3,4,4,4,3,4,4,4,2,3,4,4,4,4,4,4,4,4,3,3,3,5,3,3,3,3,5,4
"DB13923",4,3,4,3,4,4,4,4,4,4,4,4,4,4,4,5,4,4,4,4,4,4,4,4,3,4,4,4,6,4,4,3,4,6,4
"DB00051",3,4,4,3,4,4,4,3,3,4,4,4,4,4,4,4,3,4,4,4,4,4,4,4,3,3,4,4,5,4,3,3,4,5,3
"DB14845",NA,NA,NA,NA,NA,NA,NA,NA,NA,NA,NA,NA,NA,NA,NA,NA,NA,NA,NA,NA,NA,NA,NA,NA,NA,NA,NA,NA,NA,NA,NA,NA,NA,NA,NA
"DB08899",3,3,3,3,3,3,4,3,3,4,4,4,3,3,4,4,3,3,3,3,4,4,4,3,3,4,3,4,5,4,3,3,4,5,3
"DB01098",4,4,4,4,4,4,4,4,3,4,4,4,4,4,4,4,4,4,4,4,4,4,4,4,3,4,3,4,5,3,3,3,3,5,4
"DB00390",4,3,4,3,3,3,4,3,4,4,4,4,4,4,4,4,3,4,3,3,4,4,3,4,4,4,4,4,5,4,3,3,4,5,4
"DB01018",4,4,4,4,4,4,5,4,4,4,4,4,4,4,4,4,3,4,4,4,4,4,4,4,4,4,4,4,6,4,4,4,4,6,4
"DB00289",4,3,4,3,4,3,4,4,3,4,4,4,4,4,4,4,3,4,4,4,4,4,4,4,3,3,4,4,5,4,3,3,4,5,3
"DB14041",4,4,4,4,5,4,5,4,4,5,5,5,4,5,5,5,4,4,4,4,4,4,5,5,4,5,4,4,6,4,4,4,4,6,4
"DB15669",NA,NA,NA,NA,NA,NA,NA,NA,NA,NA,NA,NA,NA,NA,NA,NA,NA,NA,NA,NA,NA,NA,NA,NA,NA,NA,NA,NA,NA,NA,NA,NA,NA,NA,NA
"DB15164",NA,NA,NA,NA,NA,NA,NA,NA,NA,NA,NA,NA,NA,NA,NA,NA,NA,NA,NA,NA,NA,NA,NA,NA,NA,NA,NA,NA,NA,NA,NA,NA,NA,NA,NA
"DB00188",4,3,3,3,4,3,4,4,3,4,4,4,4,4,4,4,4,3,3,4,4,3,4,4,4,3,4,3,5,3,3,3,3,5,4
"DB14851",NA,NA,NA,NA,NA,NA,NA,NA,NA,NA,NA,NA,NA,NA,NA,NA,NA,NA,NA,NA,NA,NA,NA,NA,NA,NA,NA,NA,NA,NA,NA,NA,NA,NA,NA
"DB06186",4,4,4,4,4,3,4,4,4,4,4,4,4,4,4,4,3,4,4,4,4,4,4,4,4,4,4,4,6,4,4,4,4,6,4
"DB06636",NA,NA,NA,NA,NA,NA,NA,NA,NA,NA,NA,NA,NA,NA,NA,NA,NA,NA,NA,NA,NA,NA,NA,NA,NA,NA,NA,NA,NA,NA,NA,NA,NA,NA,NA
"DB11759",NA,NA,NA,NA,NA,NA,NA,NA,NA,NA,NA,NA,NA,NA,NA,NA,NA,NA,NA,NA,NA,NA,NA,NA,NA,NA,NA,NA,NA,NA,NA,NA,NA,NA,NA
"DB00928",4,4,3,4,4,4,4,4,4,4,4,4,4,3,4,4,4,3,3,4,4,4,4,4,2,4,4,4,5,4,3,3,4,5,4
"DB12161",4,4,3,4,5,4,5,4,4,4,4,4,5,4,5,4,4,4,4,4,4,5,4,5,4,4,4,5,6,5,4,4,4,6,4
"DB10341",NA,NA,NA,NA,NA,NA,NA,NA,NA,NA,NA,NA,NA,NA,NA,NA,NA,NA,NA,NA,NA,NA,NA,NA,NA,NA,NA,NA,NA,NA,NA,NA,NA,NA,NA
"DB10334",NA,NA,NA,NA,NA,NA,NA,NA,NA,NA,NA,NA,NA,NA,NA,NA,NA,NA,NA,NA,NA,NA,NA,NA,NA,NA,NA,NA,NA,NA,NA,NA,NA,NA,NA
"DB10329",NA,NA,NA,NA,NA,NA,NA,NA,NA,NA,NA,NA,NA,NA,NA,NA,NA,NA,NA,NA,NA,NA,NA,NA,NA,NA,NA,NA,NA,NA,NA,NA,NA,NA,NA
"DB10333",NA,NA,NA,NA,NA,NA,NA,NA,NA,NA,NA,NA,NA,NA,NA,NA,NA,NA,NA,NA,NA,NA,NA,NA,NA,NA,NA,NA,NA,NA,NA,NA,NA,NA,NA
"DB10330",NA,NA,NA,NA,NA,NA,NA,NA,NA,NA,NA,NA,NA,NA,NA,NA,NA,NA,NA,NA,NA,NA,NA,NA,NA,NA,NA,NA,NA,NA,NA,NA,NA,NA,NA
"DB10339",NA,NA,NA,NA,NA,NA,NA,NA,NA,NA,NA,NA,NA,NA,NA,NA,NA,NA,NA,NA,NA,NA,NA,NA,NA,NA,NA,NA,NA,NA,NA,NA,NA,NA,NA
"DB10320",NA,NA,NA,NA,NA,NA,NA,NA,NA,NA,NA,NA,NA,NA,NA,NA,NA,NA,NA,NA,NA,NA,NA,NA,NA,NA,NA,NA,NA,NA,NA,NA,NA,NA,NA
"DB10326",NA,NA,NA,NA,NA,NA,NA,NA,NA,NA,NA,NA,NA,NA,NA,NA,NA,NA,NA,NA,NA,NA,NA,NA,NA,NA,NA,NA,NA,NA,NA,NA,NA,NA,NA
"DB10327",NA,NA,NA,NA,NA,NA,NA,NA,NA,NA,NA,NA,NA,NA,NA,NA,NA,NA,NA,NA,NA,NA,NA,NA,NA,NA,NA,NA,NA,NA,NA,NA,NA,NA,NA
"DB10331",NA,NA,NA,NA,NA,NA,NA,NA,NA,NA,NA,NA,NA,NA,NA,NA,NA,NA,NA,NA,NA,NA,NA,NA,NA,NA,NA,NA,NA,NA,NA,NA,NA,NA,NA
"DB10338",NA,NA,NA,NA,NA,NA,NA,NA,NA,NA,NA,NA,NA,NA,NA,NA,NA,NA,NA,NA,NA,NA,NA,NA,NA,NA,NA,NA,NA,NA,NA,NA,NA,NA,NA
"DB10323",NA,NA,NA,NA,NA,NA,NA,NA,NA,NA,NA,NA,NA,NA,NA,NA,NA,NA,NA,NA,NA,NA,NA,NA,NA,NA,NA,NA,NA,NA,NA,NA,NA,NA,NA
"DB10335",NA,NA,NA,NA,NA,NA,NA,NA,NA,NA,NA,NA,NA,NA,NA,NA,NA,NA,NA,NA,NA,NA,NA,NA,NA,NA,NA,NA,NA,NA,NA,NA,NA,NA,NA
"DB09877",NA,NA,NA,NA,NA,NA,NA,NA,NA,NA,NA,NA,NA,NA,NA,NA,NA,NA,NA,NA,NA,NA,NA,NA,NA,NA,NA,NA,NA,NA,NA,NA,NA,NA,NA
"DB10319",NA,NA,NA,NA,NA,NA,NA,NA,NA,NA,NA,NA,NA,NA,NA,NA,NA,NA,NA,NA,NA,NA,NA,NA,NA,NA,NA,NA,NA,NA,NA,NA,NA,NA,NA
"DB10324",NA,NA,NA,NA,NA,NA,NA,NA,NA,NA,NA,NA,NA,NA,NA,NA,NA,NA,NA,NA,NA,NA,NA,NA,NA,NA,NA,NA,NA,NA,NA,NA,NA,NA,NA
"DB10328",NA,NA,NA,NA,NA,NA,NA,NA,NA,NA,NA,NA,NA,NA,NA,NA,NA,NA,NA,NA,NA,NA,NA,NA,NA,NA,NA,NA,NA,NA,NA,NA,NA,NA,NA
"DB10322",NA,NA,NA,NA,NA,NA,NA,NA,NA,NA,NA,NA,NA,NA,NA,NA,NA,NA,NA,NA,NA,NA,NA,NA,NA,NA,NA,NA,NA,NA,NA,NA,NA,NA,NA
"DB10325",NA,NA,NA,NA,NA,NA,NA,NA,NA,NA,NA,NA,NA,NA,NA,NA,NA,NA,NA,NA,NA,NA,NA,NA,NA,NA,NA,NA,NA,NA,NA,NA,NA,NA,NA
"DB10321",NA,NA,NA,NA,NA,NA,NA,NA,NA,NA,NA,NA,NA,NA,NA,NA,NA,NA,NA,NA,NA,NA,NA,NA,NA,NA,NA,NA,NA,NA,NA,NA,NA,NA,NA
"DB10337",NA,NA,NA,NA,NA,NA,NA,NA,NA,NA,NA,NA,NA,NA,NA,NA,NA,NA,NA,NA,NA,NA,NA,NA,NA,NA,NA,NA,NA,NA,NA,NA,NA,NA,NA
"DB10340",NA,NA,NA,NA,NA,NA,NA,NA,NA,NA,NA,NA,NA,NA,NA,NA,NA,NA,NA,NA,NA,NA,NA,NA,NA,NA,NA,NA,NA,NA,NA,NA,NA,NA,NA
"DB10336",NA,NA,NA,NA,NA,NA,NA,NA,NA,NA,NA,NA,NA,NA,NA,NA,NA,NA,NA,NA,NA,NA,NA,NA,NA,NA,NA,NA,NA,NA,NA,NA,NA,NA,NA
"DB10332",NA,NA,NA,NA,NA,NA,NA,NA,NA,NA,NA,NA,NA,NA,NA,NA,NA,NA,NA,NA,NA,NA,NA,NA,NA,NA,NA,NA,NA,NA,NA,NA,NA,NA,NA
"DB10296",NA,NA,NA,NA,NA,NA,NA,NA,NA,NA,NA,NA,NA,NA,NA,NA,NA,NA,NA,NA,NA,NA,NA,NA,NA,NA,NA,NA,NA,NA,NA,NA,NA,NA,NA
"DB12678",NA,NA,NA,NA,NA,NA,NA,NA,NA,NA,NA,NA,NA,NA,NA,NA,NA,NA,NA,NA,NA,NA,NA,NA,NA,NA,NA,NA,NA,NA,NA,NA,NA,NA,NA
"DB11595",4,3,4,4,4,4,4,4,4,5,4,4,4,4,4,5,4,4,4,4,4,5,4,4,3,4,4,4,6,4,4,3,4,6,4
"DB00806",4,4,4,4,4,4,4,3,4,3,3,4,4,4,4,4,4,4,4,4,4,4,4,4,3,4,3,4,6,4,4,4,4,6,4
"DB15298",NA,NA,NA,NA,NA,NA,NA,NA,NA,NA,NA,NA,NA,NA,NA,NA,NA,NA,NA,NA,NA,NA,NA,NA,NA,NA,NA,NA,NA,NA,NA,NA,NA,NA,NA
"DB00100",4,2,4,3,4,3,4,3,3,4,4,4,4,4,4,4,3,4,3,4,4,4,4,4,3,4,3,4,6,4,4,3,4,6,4
"DB00410",NA,NA,NA,NA,NA,NA,NA,NA,NA,NA,NA,NA,NA,NA,NA,NA,NA,NA,NA,NA,NA,NA,NA,NA,NA,NA,NA,NA,NA,NA,NA,NA,NA,NA,NA
"DB01017",4,3,3,3,3,3,4,3,3,3,3,3,4,3,3,3,3,3,3,3,3,4,3,4,3,3,3,4,5,4,3,3,3,5,3
"DB08910",3,4,4,3,4,4,4,3,3,3,4,4,4,4,4,4,3,4,3,3,4,4,4,4,3,3,4,4,5,4,3,3,4,5,3
"DB02325",NA,NA,NA,NA,NA,NA,NA,NA,NA,NA,NA,NA,NA,NA,NA,NA,NA,NA,NA,NA,NA,NA,NA,NA,NA,NA,NA,NA,NA,NA,NA,NA,NA,NA,NA
"DB14762",4,4,4,4,4,4,4,4,4,4,3,4,4,4,4,4,4,4,4,4,4,4,4,4,3,4,4,4,5,4,3,3,4,5,4
"DB14473",NA,NA,NA,NA,NA,NA,NA,NA,NA,NA,NA,NA,NA,NA,NA,NA,NA,NA,NA,NA,NA,NA,NA,NA,NA,NA,NA,NA,NA,NA,NA,NA,NA,NA,NA
"DB15528",NA,NA,NA,NA,NA,NA,NA,NA,NA,NA,NA,NA,NA,NA,NA,NA,NA,NA,NA,NA,NA,NA,NA,NA,NA,NA,NA,NA,NA,NA,NA,NA,NA,NA,NA
"DB05829",4,4,4,4,4,4,4,4,4,4,4,4,4,4,4,4,3,4,3,4,4,4,4,4,4,3,3,4,5,4,3,3,4,5,4
"DB00515",4,3,3,3,4,3,4,3,4,4,4,4,4,4,3,4,3,4,3,4,4,4,4,4,3,4,3,4,6,4,4,3,4,6,4
"DB00958",NA,NA,NA,NA,NA,NA,NA,NA,NA,NA,NA,NA,NA,NA,NA,NA,NA,NA,NA,NA,NA,NA,NA,NA,NA,NA,NA,NA,NA,NA,NA,NA,NA,NA,NA
"DB01285",4,4,4,4,4,4,5,3,4,4,3,4,4,4,4,4,4,4,4,4,4,4,4,4,4,3,4,4,6,4,4,4,4,6,4
"DB00688",4,4,3,4,4,4,4,4,3,2,3,4,4,4,4,4,3,4,4,4,4,4,3,4,3,4,3,4,6,4,4,3,4,6,4
"DB12872",4,3,4,3,4,4,4,4,3,4,4,4,4,4,4,4,4,4,3,4,4,4,4,4,3,4,4,4,5,4,3,3,4,5,3
"DB13133",4,3,4,3,4,4,4,4,3,4,4,4,4,4,4,4,4,4,3,4,4,4,4,4,3,4,4,4,5,4,3,3,4,5,3
"DB00025",4,3,3,3,4,3,3,3,3,4,3,3,4,3,4,3,3,3,3,3,3,3,4,4,3,3,3,3,5,3,3,3,3,5,3
"DB15253",NA,NA,NA,NA,NA,NA,NA,NA,NA,NA,NA,NA,NA,NA,NA,NA,NA,NA,NA,NA,NA,NA,NA,NA,NA,NA,NA,NA,NA,NA,NA,NA,NA,NA,NA
"DB12952",NA,NA,NA,NA,NA,NA,NA,NA,NA,NA,NA,NA,NA,NA,NA,NA,NA,NA,NA,NA,NA,NA,NA,NA,NA,NA,NA,NA,NA,NA,NA,NA,NA,NA,NA
"DB00074",4,4,4,4,4,4,4,4,4,4,3,4,4,4,4,4,4,4,4,4,4,4,4,4,4,4,4,4,6,4,4,3,4,6,4
"DB00331",4,3,3,4,4,3,4,4,4,4,4,4,4,4,4,4,3,4,4,4,4,4,4,4,4,3,4,3,5,3,3,3,3,5,4
"DB00909",4,3,3,4,4,3,4,3,4,4,4,4,4,3,4,4,3,4,3,4,4,4,3,3,3,3,3,4,6,4,4,3,4,6,4
"DB13151",4,3,3,3,4,4,4,3,3,4,4,4,4,4,4,4,3,4,4,4,4,4,4,4,3,4,3,4,5,4,3,3,4,5,4
"DB08874",NA,NA,NA,NA,NA,NA,NA,NA,NA,NA,NA,NA,NA,NA,NA,NA,NA,NA,NA,NA,NA,NA,NA,NA,NA,NA,NA,NA,NA,NA,NA,NA,NA,NA,NA
"DB00512",NA,NA,NA,NA,NA,NA,NA,NA,NA,NA,NA,NA,NA,NA,NA,NA,NA,NA,NA,NA,NA,NA,NA,NA,NA,NA,NA,NA,NA,NA,NA,NA,NA,NA,NA
"DB09329",4,4,4,4,4,4,4,4,4,4,4,4,4,4,4,4,4,4,4,4,4,4,4,4,3,4,4,4,5,3,3,3,3,5,3
"DB06205",4,4,4,3,4,4,4,3,4,4,3,4,4,4,3,4,4,4,3,4,4,4,4,4,3,4,3,4,5,4,3,3,4,5,3
"DB01177",4,3,3,4,3,4,4,4,3,4,4,4,4,3,4,4,3,3,3,3,3,4,4,4,3,4,3,4,5,4,3,3,4,5,3
"DB01072",NA,NA,NA,NA,NA,NA,NA,NA,NA,NA,NA,NA,NA,NA,NA,NA,NA,NA,NA,NA,NA,NA,NA,NA,NA,NA,NA,NA,NA,NA,NA,NA,NA,NA,NA
"DB11094",4,4,4,4,4,4,4,4,4,4,4,4,4,3,4,4,4,4,4,4,4,4,4,4,4,4,4,4,5,4,3,3,4,5,4
"DB01039",4,4,4,4,4,4,4,4,3,4,4,4,4,3,4,3,3,4,4,4,4,4,4,4,3,4,4,4,6,4,4,4,4,6,4
"DB01393",4,4,3,3,4,4,3,4,3,4,4,4,4,3,4,3,3,3,4,4,4,4,4,4,3,4,4,4,5,4,3,3,4,5,4
"DB00501",5,4,4,4,5,4,5,4,4,5,4,4,4,5,4,4,4,5,4,4,4,5,5,4,4,4,4,4,6,4,4,4,4,6,5
"DB02910",4,2,3,4,4,4,4,4,4,4,4,3,4,4,4,4,3,4,4,4,4,4,4,4,4,3,3,3,5,3,3,3,3,5,4
"DB03147",4,2,3,3,3,2,4,3,3,3,3,2,3,3,3,4,2,3,3,3,3,3,3,4,2,3,3,3,5,3,3,3,3,5,3
"DB03415",4,2,4,4,4,4,4,4,4,4,4,4,4,4,4,4,3,4,4,4,4,4,4,4,4,4,3,4,6,4,4,4,4,6,4
"DB00036",4,2,4,3,4,4,4,4,3,4,4,4,4,4,4,4,4,4,3,4,4,4,4,4,3,4,3,4,6,4,4,3,4,6,3
"DB00055",4,3,4,3,4,4,4,4,3,4,4,4,4,4,4,4,4,4,4,4,4,4,4,4,3,4,3,4,5,3,3,3,3,5,3
"DB00142",4,2,3,3,4,3,4,3,3,3,3,3,4,3,3,4,3,3,3,3,3,4,3,3,3,3,3,3,5,3,3,3,3,5,3
"DB00170",4,2,3,3,4,4,4,4,3,4,4,4,4,3,3,4,3,4,4,4,4,4,4,4,3,4,3,3,5,3,3,3,3,5,3
"DB01022",4,2,4,3,4,4,4,4,4,4,4,4,4,4,4,4,4,4,4,4,4,4,4,4,3,4,4,4,6,4,4,4,4,6,4
"DB01125",4,2,4,4,4,4,4,4,4,4,4,4,4,5,4,4,4,4,4,4,4,4,4,4,4,4,4,4,6,4,4,4,4,6,4
"DB09332",4,2,3,3,4,4,4,4,3,4,4,4,4,4,4,4,4,4,4,4,4,4,4,4,3,4,3,4,6,4,4,3,4,6,3
"DB13152",4,2,4,3,4,3,4,3,3,4,4,4,4,4,4,4,3,4,3,4,4,4,4,4,3,4,3,4,6,4,4,3,4,6,4
"DB00630",4,2,3,4,4,3,4,3,4,4,4,3,4,4,4,4,3,4,4,3,4,3,3,4,3,4,4,3,5,3,3,3,3,5,3
"DB01077",3,2,3,3,4,3,4,3,3,4,4,4,3,3,4,4,3,4,3,3,4,3,4,4,3,3,3,3,5,3,3,3,3,5,4
"DB01133",4,2,3,3,3,3,4,4,3,4,3,3,3,4,3,2,3,3,3,3,3,3,3,4,3,3,3,3,5,3,3,3,3,5,3
"DB06733",4,2,4,4,4,3,4,4,4,4,4,4,4,4,4,4,3,4,4,3,4,3,4,4,3,4,4,4,5,4,3,3,3,5,4
"DB06734",4,2,4,4,4,3,4,4,4,4,4,4,4,4,4,4,3,4,4,3,4,3,4,4,3,4,4,4,5,4,3,3,3,5,4
"DB12010",3,2,2,3,3,3,3,2,2,3,3,3,3,3,3,3,3,3,2,3,3,3,3,3,3,2,3,3,5,3,3,2,3,5,3
"DB00156",4,2,3,4,4,4,4,4,4,4,3,3,4,3,4,4,4,3,4,4,4,4,4,4,3,4,4,4,6,4,4,3,4,6,3
"DB00157",3,2,3,3,3,3,3,3,3,2,3,3,3,3,3,4,2,3,3,3,2,3,3,4,3,3,2,3,5,3,3,3,3,5,3
"DB02338",4,2,4,4,4,4,4,4,4,3,4,4,4,4,4,4,3,4,4,4,3,4,4,4,4,4,4,4,6,4,4,3,4,6,3
"DB04207",4,2,4,4,4,4,4,4,4,4,4,4,4,4,4,4,3,4,4,4,4,4,4,4,4,4,4,4,6,4,4,4,4,6,4
"DB07546",3,4,2,4,4,4,4,4,3,4,4,3,4,3,4,4,4,3,3,4,4,4,4,4,3,3,4,4,5,4,3,3,3,5,4
"DB00171",3,3,2,3,3,3,4,3,3,3,3,3,3,3,3,3,3,3,3,3,3,4,3,3,3,3,2,3,5,3,3,2,3,5,3
"DB04216",3,3,2,3,3,3,3,3,3,3,3,3,3,3,3,3,3,3,3,3,3,3,3,3,3,3,3,3,4,3,2,2,2,4,3
"DB00242",4,3,3,4,2,4,4,3,3,4,3,4,4,3,4,3,3,3,4,4,3,4,3,4,3,4,3,3,5,3,3,3,3,5,4
"DB00631",4,3,3,4,2,4,4,3,4,4,4,4,4,4,4,3,4,4,4,4,4,4,3,4,3,4,4,3,5,3,3,3,3,5,4
"DB01280",4,4,3,4,2,4,4,4,4,4,4,4,4,4,4,3,4,4,4,4,4,4,3,4,4,4,4,3,5,3,3,3,3,5,4
"DB00851",4,4,3,4,2,4,4,4,3,3,3,4,4,4,4,4,4,4,3,4,4,4,3,4,4,4,4,3,5,3,3,3,3,5,3
"DB02930",4,4,4,3,4,3,4,2,3,4,4,4,4,4,4,4,4,4,4,4,4,4,4,4,3,4,4,4,5,4,3,3,4,5,4
"DB05798",4,4,4,4,3,4,4,3,2,3,4,4,4,4,4,4,3,4,3,3,4,3,4,4,3,3,4,4,5,4,3,3,4,5,4
"DB01919",4,3,3,3,4,4,4,3,2,4,4,4,4,4,4,4,3,4,3,4,4,4,4,4,3,3,4,3,5,3,3,3,3,5,4
"DB01940",4,3,3,3,4,4,4,3,2,4,4,4,4,4,4,4,3,4,3,4,4,4,4,4,3,3,4,3,5,3,3,3,3,5,4
"DB02155",4,3,3,3,4,4,4,3,2,4,4,4,4,4,4,4,3,4,3,4,4,4,4,4,3,3,4,3,5,3,3,3,3,5,4
"DB02482",4,3,3,3,4,3,3,3,2,4,3,3,4,3,4,4,3,3,3,3,3,4,3,4,3,3,4,3,5,3,3,2,3,5,3
"DB02611",4,3,3,3,4,4,4,3,2,4,4,4,4,4,4,4,3,4,3,4,4,4,4,4,3,3,4,3,5,3,3,3,3,5,4
"DB03374",4,3,3,3,4,4,4,3,2,4,4,4,4,4,4,4,3,4,3,4,4,4,4,4,3,3,4,3,5,3,3,3,3,5,4
"DB04098",4,3,3,3,4,4,4,3,2,4,4,4,4,4,4,4,3,4,3,4,4,4,4,4,3,3,4,3,5,3,3,3,3,5,4
"DB04522",4,3,3,3,4,3,4,3,2,4,3,3,4,3,4,3,3,3,3,3,4,4,3,4,3,3,3,3,5,3,3,3,3,5,3
"DB04530",4,3,3,3,4,4,4,3,2,4,3,4,4,4,4,4,3,3,3,4,3,4,4,4,3,3,3,3,5,3,3,3,3,5,3
"DB04707",4,3,3,3,4,4,4,3,2,4,3,3,4,4,4,4,3,4,3,4,4,4,4,4,3,3,4,3,5,3,3,3,3,5,4
"DB06959",4,3,3,3,4,4,4,3,2,4,4,4,4,4,4,4,3,4,3,4,4,4,4,4,3,3,4,3,5,3,3,3,3,5,4
"DB06977",4,3,3,3,4,4,4,3,2,4,4,4,4,4,4,4,3,4,3,4,4,4,4,4,3,3,4,3,5,3,3,3,3,5,4
"DB07107",4,3,3,3,4,4,4,3,2,4,4,4,4,4,4,4,3,4,3,4,4,4,4,4,3,3,4,3,5,3,3,3,3,5,4
"DB07124",4,3,3,3,4,4,4,3,2,4,4,4,4,4,4,4,3,4,3,4,4,4,4,4,3,3,4,3,5,3,3,3,3,5,4
"DB07204",4,3,3,3,4,4,4,3,2,4,4,4,4,4,4,4,3,4,3,4,4,4,4,4,3,3,4,3,5,3,3,3,3,5,4
"DB07235",4,3,3,3,4,4,4,3,2,4,4,4,4,4,4,4,3,4,3,4,4,4,4,4,3,3,4,3,5,3,3,3,3,5,4
"DB07458",4,3,3,3,4,4,4,3,2,4,4,4,4,4,4,4,3,4,3,4,4,4,4,4,3,3,4,3,5,3,3,3,3,5,4
"DB07583",4,3,3,3,4,4,4,3,2,4,4,4,4,4,4,4,3,4,3,4,4,4,4,4,3,3,4,3,5,3,3,3,3,5,4
"DB07854",4,3,3,3,4,4,4,3,2,4,4,4,4,4,4,4,3,4,3,4,4,4,4,4,3,3,4,3,5,3,3,3,3,5,4
"DB07855",4,3,3,3,4,4,4,3,2,4,4,4,4,4,4,4,3,4,3,4,4,4,4,4,3,3,4,3,5,3,3,3,3,5,4
"DB07856",4,3,3,3,4,4,4,3,2,4,4,4,4,4,4,4,3,4,3,4,4,4,4,4,3,3,4,3,5,3,3,3,3,5,4
"DB07857",4,3,3,3,4,4,4,3,2,4,4,4,4,4,4,4,3,4,3,4,4,4,4,4,3,3,4,3,5,3,3,3,3,5,4
"DB07858",4,3,3,3,4,4,4,3,2,4,4,4,4,4,4,4,3,4,3,4,4,4,4,4,3,3,4,3,5,3,3,3,3,5,4
"DB07859",4,3,3,3,4,4,4,3,2,3,3,4,4,3,4,4,3,3,3,4,4,4,4,4,3,3,4,3,5,3,3,3,3,5,3
"DB07860",4,3,3,3,4,4,4,3,2,4,4,4,4,4,4,4,3,4,3,4,4,4,4,4,3,3,4,3,5,3,3,3,3,5,4
"DB07876",4,3,3,3,4,4,4,3,2,4,3,3,4,4,4,4,3,4,3,4,4,4,4,4,3,3,4,3,5,3,3,3,3,5,4
"DB07947",4,3,3,3,4,4,4,3,2,3,3,4,4,3,4,4,3,3,3,4,4,4,4,4,3,3,4,3,5,3,3,3,3,5,3
"DB07995",4,3,3,3,4,4,4,3,2,4,4,4,4,4,4,4,3,4,3,4,4,4,4,4,3,3,4,3,5,3,3,3,3,5,4
"DB07996",4,3,3,3,4,4,4,3,2,4,4,4,4,4,4,4,3,4,3,4,4,4,4,4,3,3,4,3,5,3,3,3,3,5,4
"DB07997",4,3,3,3,4,4,4,3,2,4,4,4,4,4,4,4,3,4,3,4,4,4,4,4,3,3,4,3,5,3,3,3,3,5,4
"DB08070",4,3,3,3,4,4,4,3,2,4,4,4,4,4,4,4,3,4,3,4,4,4,4,4,3,3,4,3,5,3,3,3,3,5,4
"DB08073",4,3,3,3,4,4,4,3,2,3,3,4,4,3,4,4,3,3,3,4,4,4,4,4,3,3,4,3,5,3,3,3,3,5,3
"DB08113",4,3,3,3,4,4,4,3,2,4,4,4,4,4,4,4,3,4,3,4,4,4,4,4,3,3,4,3,5,3,3,3,3,5,4
"DB08114",4,3,3,3,4,4,4,3,2,4,4,4,4,4,4,4,3,4,3,4,4,4,4,4,3,3,4,3,5,3,3,3,3,5,4
"DB08148",4,3,3,3,4,4,4,3,2,4,4,4,4,4,4,4,3,4,3,4,4,4,4,4,3,3,4,3,5,3,3,3,3,5,4
"DB08149",4,3,3,3,4,4,4,3,2,4,4,4,4,4,4,4,3,4,3,4,4,4,4,4,3,3,4,3,5,3,3,3,3,5,4
"DB08150",4,3,3,3,4,4,4,3,2,4,4,4,4,4,4,4,3,4,3,4,4,4,4,4,3,3,4,3,5,3,3,3,3,5,4
"DB08162",4,3,3,3,4,4,4,3,2,4,3,3,4,4,4,4,3,4,3,4,4,4,4,4,3,3,4,3,5,3,3,3,3,5,4
"DB08231",3,3,3,3,4,3,3,3,2,3,2,3,3,3,3,4,3,3,3,3,3,4,3,4,2,3,3,3,5,3,3,3,3,5,3
"DB08568",4,3,3,3,4,4,4,3,2,4,4,4,4,4,4,4,3,4,3,4,4,4,4,4,3,3,4,3,5,3,3,3,3,5,4
"DB08569",4,3,3,3,4,4,4,3,2,4,4,4,4,4,4,4,3,4,3,4,4,4,4,4,3,3,4,3,5,3,3,3,3,5,4
"DB08756",4,3,3,3,4,4,4,3,2,4,3,3,4,4,4,4,3,4,3,4,4,4,4,4,3,3,4,3,5,3,3,3,3,5,4
"DB08846",3,3,3,3,4,3,4,3,2,4,3,3,4,3,4,3,3,3,3,3,3,4,3,3,3,3,3,3,5,3,3,3,3,5,3
"DB02527",4,4,3,4,3,3,4,3,2,4,4,4,4,4,4,4,3,4,3,3,4,3,4,4,3,4,4,4,5,4,3,3,4,5,4
"DB03401",3,3,3,3,4,3,4,3,2,4,3,4,3,4,4,4,3,3,4,4,3,4,4,4,3,3,4,3,5,3,3,3,3,5,4
"DB05018",4,4,4,4,4,5,5,4,4,2,4,4,4,5,4,4,4,4,3,4,5,4,4,4,4,4,4,4,6,4,4,4,4,6,4
"DB01024",4,4,3,4,4,4,4,4,3,2,3,4,4,4,4,4,3,4,4,4,4,4,3,4,3,4,3,4,6,4,4,3,4,6,4
"DB03070",4,4,3,4,4,4,4,4,3,2,3,4,4,4,4,4,4,4,4,4,4,4,4,4,3,4,4,4,6,4,4,3,4,6,4
"DB03948",4,4,3,4,4,4,4,4,3,2,3,4,4,4,4,4,3,4,4,4,4,4,3,4,3,4,3,4,6,4,4,3,4,6,4
"DB04566",4,3,3,4,4,4,4,4,3,2,3,4,4,4,4,4,4,3,4,4,4,4,4,4,3,3,4,4,6,4,4,3,4,6,4
"DB06103",4,4,3,4,4,4,4,4,3,2,3,4,4,4,4,4,3,4,4,4,4,4,3,4,3,4,3,4,6,4,4,3,4,6,4
"DB01033",4,4,3,4,4,4,4,4,3,2,3,4,4,4,4,4,3,4,4,4,4,4,3,4,3,4,3,4,6,4,4,3,4,6,4
"DB02059",3,3,3,3,4,3,4,3,3,2,4,3,3,3,4,4,3,3,3,3,3,4,4,4,4,3,3,4,5,4,3,3,4,5,3
"DB02701",3,3,3,3,3,4,4,3,3,2,4,4,3,3,4,4,3,3,4,3,4,4,4,4,3,4,4,3,5,3,3,3,3,5,3
"DB03478",3,4,4,4,4,4,4,4,4,2,4,4,4,4,4,5,4,4,4,4,4,4,4,4,4,4,4,4,6,4,4,4,4,6,4
"DB04786",3,3,3,3,4,4,4,3,3,2,4,4,4,4,4,4,3,4,4,4,4,4,4,4,3,3,3,3,5,3,3,3,3,5,3
"DB15493",3,3,3,4,4,4,4,4,3,2,4,4,4,3,4,4,4,4,4,4,4,4,4,4,3,4,4,4,5,4,3,3,4,5,3
"DB01864",3,3,3,3,4,4,3,4,3,3,2,4,4,4,4,4,3,3,4,3,4,4,4,4,3,3,3,4,6,4,4,3,4,6,3
"DB04315",3,3,3,3,3,3,3,3,3,3,2,3,3,3,4,3,2,3,3,3,3,3,3,4,3,3,3,3,5,3,3,3,3,5,3
"DB03247",4,4,3,4,4,4,4,3,3,3,4,2,4,4,4,4,3,4,3,3,3,4,4,4,3,3,3,4,5,4,3,3,3,5,4
"DB03461",4,3,3,4,4,4,4,4,3,3,3,2,3,4,4,4,3,3,3,3,3,4,4,4,3,3,3,3,5,3,3,3,3,5,3
"DB00071",3,3,3,3,3,3,4,3,3,4,3,4,2,3,4,4,3,3,3,3,4,4,4,4,3,3,3,4,5,4,3,3,3,5,3
"DB00626",4,3,4,3,4,3,4,4,4,4,4,4,2,4,3,4,4,4,4,4,4,4,4,4,3,4,3,4,5,4,3,3,4,5,4
"DB00175",4,4,3,3,4,4,4,3,3,4,4,4,4,2,4,4,3,3,4,4,4,4,4,4,3,4,3,3,5,3,3,3,3,5,3
"DB00227",4,4,3,3,4,4,4,3,3,4,4,4,4,2,4,4,3,3,4,4,4,4,4,4,3,4,3,3,5,3,3,3,3,5,3
"DB00277",4,3,3,3,3,4,4,3,3,4,3,3,3,2,3,4,3,3,3,4,4,4,4,4,3,3,3,3,5,3,3,3,3,5,3
"DB00313",4,3,3,3,4,4,4,3,3,4,4,4,3,2,4,4,3,3,3,4,4,4,3,3,3,3,3,3,5,3,3,3,3,5,3
"DB01095",4,4,3,3,4,4,4,3,3,4,4,4,4,2,4,4,3,3,4,4,4,4,4,4,3,4,3,3,5,3,3,3,3,5,3
"DB01223",4,3,3,3,4,4,4,3,3,4,4,4,4,2,3,4,3,3,4,4,4,4,4,4,3,3,4,3,5,3,3,3,3,5,3
"DB01303",4,4,3,3,4,4,4,3,3,4,3,4,4,2,3,4,3,3,4,4,4,4,4,4,3,3,4,3,5,3,3,3,3,5,3
"DB02546",3,3,3,3,3,4,4,3,3,4,3,4,4,2,3,4,3,3,3,4,4,4,3,4,3,4,3,3,5,3,3,3,3,5,3
"DB05223",3,3,3,3,3,4,4,3,3,4,3,4,4,2,3,4,3,3,3,4,4,4,3,4,3,4,3,3,5,3,3,3,3,5,3
"DB06176",3,3,3,3,3,4,4,3,3,4,3,3,4,2,4,4,3,3,3,4,4,4,3,4,3,3,2,3,5,3,3,3,3,5,3
"DB09091",4,3,3,3,4,4,4,3,3,4,4,4,3,2,4,4,3,3,4,3,4,4,4,4,3,3,4,3,5,3,3,3,3,5,3
"DB11830",3,3,3,3,4,4,4,3,3,4,4,4,4,2,3,4,3,3,3,4,4,4,3,4,3,4,4,3,5,3,3,3,3,5,3
"DB05015",3,3,3,3,3,4,4,3,3,3,3,3,4,2,3,4,3,3,3,3,4,4,3,3,3,3,3,3,5,3,3,3,3,5,3
"DB06603",3,3,3,3,3,4,4,3,3,3,3,3,4,2,3,4,3,3,3,3,4,4,3,3,3,3,3,3,5,3,3,3,3,5,3
"DB00143",3,3,3,3,4,3,4,3,3,4,3,3,3,4,2,4,3,3,4,3,3,4,3,3,3,3,3,3,5,3,3,3,3,5,3
"DB09061",3,3,3,3,4,4,3,3,3,3,3,3,4,3,2,3,3,3,3,3,3,3,3,4,3,3,3,3,5,3,3,3,3,5,3
"DB14009",3,3,3,3,4,4,3,3,3,3,3,3,3,3,2,3,3,3,3,3,3,3,3,4,3,3,3,3,5,3,3,3,3,5,3
"DB14011",3,3,3,3,4,4,3,3,3,3,3,3,4,3,2,3,3,3,3,3,3,3,3,4,3,3,3,3,5,3,3,3,3,5,3
"DB00321",3,3,3,3,3,3,4,3,3,3,3,3,3,3,4,2,3,3,3,3,3,3,4,3,3,3,3,3,5,3,3,3,3,5,3
"DB00409",4,3,3,4,4,4,4,3,3,4,4,4,4,4,4,2,3,4,4,4,3,4,4,4,4,4,3,3,5,3,3,3,3,5,4
"DB00502",4,3,3,3,4,3,4,3,3,4,3,4,4,4,4,2,3,3,3,4,3,4,4,3,4,4,3,3,5,3,3,3,3,5,3
"DB00514",4,3,3,3,3,4,3,3,3,4,3,3,4,4,3,2,3,4,3,3,3,4,4,4,3,3,3,3,5,3,3,3,3,5,3
"DB00652",4,3,3,4,4,4,4,3,4,4,4,4,4,4,4,2,3,4,4,4,4,4,4,4,4,3,4,3,5,3,3,3,3,5,4
"DB00907",4,3,3,4,4,4,4,3,4,4,3,4,4,3,4,2,3,4,4,4,4,4,3,3,3,3,3,3,5,3,3,3,3,5,4
"DB00956",4,3,3,4,4,4,4,3,4,4,4,4,4,4,4,2,3,4,4,4,3,4,4,4,4,3,4,3,5,3,3,3,3,5,4
"DB01488",4,3,3,4,4,3,4,3,3,4,4,4,4,4,4,2,3,4,4,4,4,4,4,4,4,4,4,3,5,3,3,3,3,5,4
"DB01708",3,3,3,3,3,3,4,3,3,3,4,4,3,3,4,2,3,3,3,3,3,4,4,3,3,4,3,3,5,3,3,3,3,5,3
"DB03575",4,3,3,4,4,4,4,3,3,4,4,4,4,4,4,2,3,4,4,4,4,4,4,4,4,4,4,3,5,3,3,3,3,5,4
"DB06174",4,3,3,4,4,4,4,3,4,4,4,4,4,4,4,2,3,4,4,4,4,4,4,4,4,4,4,3,5,3,3,3,3,5,4
"DB09014",4,3,3,4,4,4,4,3,3,4,4,4,4,4,4,2,3,4,4,4,4,4,4,3,4,4,3,3,5,3,3,3,3,5,4
"DB11186",4,3,3,4,4,4,4,3,3,4,4,4,4,3,4,2,3,4,4,4,4,4,4,4,4,3,3,3,5,3,3,3,3,5,4
"DB05792",4,3,3,4,4,4,4,3,4,4,4,4,4,4,4,2,3,4,4,4,4,4,4,4,4,4,4,3,5,3,3,3,3,5,4
"DB00540",4,3,3,3,4,3,4,3,3,4,3,3,3,4,4,2,3,3,3,3,3,3,4,3,3,3,3,3,5,3,3,3,3,5,3
"DB12695",3,3,3,2,3,3,3,3,3,3,3,3,3,3,3,3,2,3,3,3,3,3,3,3,3,3,3,3,5,3,3,3,3,5,2
"DB09130",3,3,3,3,3,3,3,3,3,3,3,3,3,3,3,3,2,3,3,3,3,3,3,4,3,3,3,3,4,3,2,2,2,4,3
"DB00118",4,4,3,4,4,4,4,4,3,3,3,4,4,4,4,4,2,4,3,4,4,4,4,4,3,4,4,4,5,4,3,3,4,5,4
"DB00323",4,4,4,4,4,4,4,4,4,4,4,4,4,4,4,4,2,4,4,4,4,4,4,4,4,4,4,4,6,4,4,4,4,6,4
"DB00494",4,4,4,4,4,4,4,4,4,4,4,4,4,4,4,4,2,4,4,4,4,4,4,4,4,4,4,4,6,4,4,4,4,6,4
"DB02105",4,4,4,4,4,4,4,4,4,4,4,4,4,4,4,4,2,4,4,4,4,4,4,4,4,4,4,4,6,4,4,4,4,6,4
"DB02342",3,4,4,4,4,4,4,3,3,4,4,4,4,3,4,4,2,3,3,3,4,4,4,4,3,4,4,4,5,4,3,3,4,5,4
"DB03336",4,4,4,4,4,4,4,4,4,4,4,4,4,4,4,4,2,4,4,4,4,4,4,4,4,4,4,4,6,4,4,4,4,6,4
"DB03907",4,4,4,4,4,4,4,4,4,4,4,4,4,4,4,4,2,4,4,4,4,4,4,4,4,4,4,4,6,4,4,4,4,6,4
"DB04820",4,4,4,4,4,3,4,4,4,4,4,4,4,4,4,4,2,4,4,4,4,4,4,4,4,4,4,4,6,4,4,4,4,6,4
"DB07462",4,4,4,4,4,4,4,4,4,4,4,4,4,4,4,4,2,4,4,4,4,4,4,4,4,4,4,4,6,4,4,4,4,6,4
"DB08049",4,4,4,4,4,4,4,4,4,4,4,4,4,4,4,4,2,4,4,4,4,4,4,4,4,4,4,4,6,4,4,4,4,6,4
"DB11632",4,4,4,4,4,4,4,4,4,4,4,4,4,4,4,4,2,4,4,4,4,4,4,4,4,4,4,4,6,4,4,4,4,6,4
"DB00144",4,3,3,3,4,4,4,3,3,4,3,4,4,4,4,4,2,3,3,3,4,4,4,4,3,3,3,3,5,3,3,3,3,5,3
"DB00174",4,3,4,3,4,4,4,4,4,4,4,3,4,3,3,4,3,2,3,3,3,4,4,3,3,4,3,4,5,4,3,3,4,5,3
"DB00114",4,3,3,3,3,3,4,3,3,3,3,4,3,4,4,4,3,2,3,3,3,4,3,4,3,3,3,3,5,3,3,3,3,5,4
"DB11093",4,3,3,3,4,4,4,3,3,4,3,3,4,4,4,4,3,3,2,3,3,4,4,4,3,3,3,3,5,3,3,3,3,5,3
"DB11348",4,3,3,3,4,4,4,3,3,4,3,3,4,4,4,4,3,3,2,3,3,4,4,4,3,3,3,3,5,3,3,3,3,5,3
"DB14481",4,3,3,3,4,4,4,3,3,4,3,3,4,4,4,4,3,3,2,3,3,4,4,4,3,3,3,3,5,3,3,3,3,5,3
"DB02035",4,4,3,4,4,4,4,4,4,4,4,4,4,4,4,4,4,4,4,2,4,4,4,4,4,4,4,4,6,4,4,4,4,6,4
"DB03796",4,4,3,4,4,4,4,4,3,4,4,4,4,3,4,4,3,4,4,2,4,4,4,4,3,4,3,4,6,4,4,4,4,6,4
"DB01942",4,4,3,4,4,4,4,3,3,4,3,3,4,3,4,4,3,3,3,3,2,4,4,4,3,3,4,4,5,4,3,3,4,5,3
"DB02073",4,4,4,4,4,4,4,4,4,4,4,3,4,4,4,4,4,4,4,4,2,4,4,4,4,4,4,4,6,4,4,3,4,6,4
"DB02468",4,4,4,4,4,4,4,4,4,4,4,3,4,4,4,4,4,4,4,4,2,4,4,4,4,4,4,4,6,4,4,3,4,6,4
"DB03906",4,4,4,4,4,4,4,4,4,4,4,3,4,4,4,4,4,4,4,4,2,4,4,4,4,4,4,4,6,4,4,3,4,6,4
"DB04803",4,4,4,4,4,4,4,4,4,4,4,3,4,4,4,4,4,4,4,4,2,4,4,4,4,4,4,4,6,4,4,3,4,6,4
"DB04912",4,4,4,4,4,4,4,4,4,4,4,3,4,4,4,4,4,4,4,4,2,4,4,4,4,4,3,4,6,4,4,3,4,6,4
"DB06914",4,4,4,4,4,4,4,4,4,4,4,3,4,4,4,4,4,4,4,4,2,4,4,4,4,4,4,4,6,4,4,3,4,6,4
"DB07342",4,4,4,4,4,4,4,4,4,4,4,3,4,4,4,4,4,4,4,4,2,4,4,4,4,4,4,4,6,4,4,3,4,6,4
"DB00013",4,3,4,3,4,4,3,4,4,4,4,3,4,4,4,4,4,4,3,4,4,4,4,4,3,4,3,4,5,4,3,3,4,5,3
"DB00513",4,4,4,3,4,4,4,4,3,4,4,4,4,4,4,4,4,4,3,4,4,4,4,4,2,4,3,4,5,4,3,3,4,5,4
"DB01088",4,3,3,3,4,4,4,3,3,4,4,4,4,4,4,4,3,4,3,4,4,4,4,4,2,4,3,3,5,3,3,3,3,5,4
"DB06404",4,3,4,3,4,4,4,4,3,4,4,4,4,4,4,4,4,4,3,4,4,4,4,4,2,4,3,4,6,4,4,3,4,6,3
"DB07684",4,4,4,3,4,4,4,4,3,4,4,4,4,4,4,4,4,4,4,4,4,4,4,4,2,4,4,4,6,4,4,3,4,6,4
"DB09213",3,3,3,3,4,3,4,3,3,4,4,4,4,3,4,3,3,4,3,3,4,4,3,4,2,3,3,4,5,3,3,3,3,5,4
"DB09228",4,3,4,3,4,4,4,4,3,4,4,4,4,4,4,4,4,4,3,4,4,4,4,4,2,4,3,4,6,4,4,3,4,6,3
"DB00098",4,3,3,3,4,3,4,3,4,4,3,4,4,3,4,4,4,4,4,4,4,4,4,4,2,4,3,4,5,3,3,3,3,5,3
"DB03203",4,4,4,4,4,4,4,4,4,4,4,4,3,4,4,5,4,4,4,4,3,4,4,4,2,4,3,4,6,4,4,3,4,6,4
"DB01035",4,4,3,4,4,4,4,4,3,4,4,4,4,3,4,4,4,3,3,4,4,4,4,4,2,4,3,4,5,4,3,3,4,5,4
"DB01099",4,4,3,4,4,4,4,4,4,4,4,4,4,3,4,4,4,3,3,4,4,4,4,4,2,4,4,4,5,4,3,3,4,5,4
"DB01262",4,4,3,4,4,4,4,4,4,4,4,4,4,3,4,4,4,3,3,4,4,4,4,4,2,4,4,4,5,4,3,3,4,5,4
"DB05668",4,4,3,4,4,4,4,4,4,4,4,4,4,3,4,4,4,3,3,4,4,4,4,4,2,4,4,4,5,4,3,3,4,5,4
"DB12116",4,4,3,3,4,4,4,4,4,4,4,4,4,3,4,4,4,3,3,4,4,4,4,4,2,4,4,4,5,4,3,3,4,5,3
"DB01902",4,3,4,4,4,4,4,4,3,4,4,4,4,4,4,4,4,3,4,4,4,4,4,4,2,4,4,4,6,4,4,3,4,6,4
"DB02201",4,4,4,4,4,4,4,4,4,4,4,4,4,4,4,4,4,3,4,4,4,4,4,4,2,4,4,4,5,4,3,3,4,5,4
"DB05033",4,4,4,4,4,4,4,3,4,4,3,4,4,4,4,5,4,4,4,4,4,5,4,4,2,4,4,4,6,4,4,3,4,6,3
"DB01752",3,3,3,3,4,3,4,3,3,4,4,4,3,3,4,4,3,3,3,3,4,4,3,3,3,2,4,3,5,3,3,3,3,5,3
"DB01138",4,4,4,4,4,4,4,4,3,4,4,4,4,4,4,3,3,4,4,4,4,4,4,4,4,3,2,4,6,4,4,4,4,6,4
"DB04851",4,4,4,4,4,4,4,4,4,4,4,4,4,4,4,4,3,4,4,4,4,4,4,4,4,3,2,4,6,4,4,4,4,6,4
"DB08855",4,3,4,4,4,4,4,4,4,4,4,4,4,4,4,4,4,4,4,4,4,4,4,4,4,4,2,4,6,4,4,4,4,6,4
"DB00903",4,3,4,3,3,3,4,3,3,4,4,4,4,4,4,4,3,4,3,3,4,4,3,4,3,4,4,4,5,4,3,3,4,5,3
"DB00131",4,3,3,3,4,3,4,3,3,4,3,4,4,3,4,3,3,4,3,3,3,4,3,3,3,3,4,3,5,3,3,3,3,5,3
"DB01183",4,3,3,3,4,3,4,3,3,3,4,4,4,3,4,4,3,3,3,3,3,4,4,4,3,3,3,4,5,4,3,3,3,5,3
"DB01649",4,3,3,4,4,4,4,4,4,4,4,3,4,3,4,4,4,3,3,4,4,4,4,4,4,4,4,3,5,3,3,3,3,5,3
"DB01960",4,3,3,4,4,4,4,4,4,4,4,3,4,3,4,4,4,3,3,4,4,4,4,4,4,4,4,3,5,3,3,3,3,5,3
"DB02716",4,3,3,4,4,4,4,4,4,4,4,3,4,3,4,4,4,3,3,4,4,4,4,4,4,4,4,4,5,4,3,3,3,5,4
"DB05165",4,3,3,4,4,4,4,4,4,4,4,3,4,3,4,4,4,3,3,4,4,4,4,4,4,4,4,4,5,4,3,3,3,5,4
"DB08217",4,3,3,4,4,4,4,4,4,4,4,3,4,3,4,4,4,3,3,4,4,4,4,4,3,4,4,4,5,3,3,3,3,5,4
"DB00852",3,3,3,3,3,3,4,3,3,3,3,3,3,3,4,4,3,3,3,3,3,3,3,3,3,3,3,3,5,3,3,3,3,5,3
"DB03904",4,4,3,4,3,3,4,3,3,4,4,4,4,3,4,4,3,3,3,3,4,4,3,4,3,3,3,3,5,3,3,3,3,5,3
"DB01765",3,4,3,3,4,4,4,3,3,4,4,3,4,3,4,4,3,3,3,4,3,4,3,4,3,3,3,4,5,4,3,3,3,5,3
"DB02170",3,4,3,3,4,4,4,3,3,4,4,3,4,3,4,4,3,3,3,4,3,4,3,4,3,3,3,4,5,4,3,3,3,5,3
"DB02709",3,3,3,3,3,3,4,3,3,3,3,3,3,3,4,3,3,3,3,3,3,3,3,4,3,3,3,3,5,3,3,2,3,5,3
"DB03035",3,4,3,3,4,4,4,3,3,4,4,3,4,3,4,4,3,3,3,4,3,4,3,4,3,3,3,4,5,4,3,3,3,5,3
"DB03127",3,3,3,3,4,4,4,3,3,4,4,3,4,3,3,4,3,3,3,4,3,4,3,4,3,3,3,4,5,4,3,3,3,5,3
"DB03924",3,4,3,3,4,4,4,3,3,4,4,3,4,3,4,4,3,3,3,4,3,4,3,4,3,3,3,4,5,4,3,3,3,5,3
"DB04395",3,3,3,3,3,3,3,3,3,3,3,3,3,3,3,3,3,3,3,3,3,3,3,3,3,3,3,3,5,3,3,3,3,5,3
"DB04462",3,4,3,3,4,4,4,3,3,4,4,3,4,3,4,4,3,3,3,4,3,4,3,4,3,3,3,4,5,4,3,3,3,5,3
"DB04719",3,4,3,3,4,4,4,3,3,4,4,3,4,3,4,4,3,3,3,4,3,4,3,4,3,3,3,4,5,4,3,3,3,5,3
"DB04720",3,4,3,3,4,4,4,3,3,4,4,3,4,3,4,4,3,3,3,4,3,4,3,4,3,3,3,4,5,4,3,3,3,5,3
"DB04721",3,4,3,3,4,4,4,3,3,4,4,3,4,3,4,4,3,3,3,4,3,4,3,4,3,3,3,4,5,4,3,3,3,5,3
"DB07715",3,4,3,3,4,4,4,3,3,4,4,3,4,3,4,4,3,3,3,4,3,4,3,4,3,3,3,4,5,4,3,3,3,5,3
"DB07802",3,4,3,3,4,4,4,3,3,4,4,3,4,3,4,4,3,3,3,4,3,4,3,4,3,3,3,4,5,4,3,3,3,5,3
"DB08338",3,4,3,3,4,4,4,3,3,4,4,3,4,3,4,4,3,3,3,4,3,4,3,4,3,3,3,4,5,4,3,3,3,5,3
"DB08340",3,4,3,3,4,4,4,3,3,4,4,3,4,3,4,4,3,3,3,4,3,4,3,4,3,3,3,4,5,4,3,3,3,5,3
"DB08345",3,4,3,3,4,4,4,3,3,4,4,3,4,3,4,4,3,3,3,4,3,4,3,4,3,3,3,4,5,4,3,3,3,5,3
"DB08353",3,4,3,3,4,4,4,3,3,4,4,3,4,3,4,4,3,3,3,4,3,4,3,4,3,3,3,4,5,4,3,3,3,5,3
"DB08354",3,4,3,3,4,4,4,3,3,4,4,3,4,3,4,4,3,3,3,4,3,4,3,4,3,3,3,4,5,4,3,3,3,5,3
"DB08360",3,4,3,3,4,4,4,3,3,4,4,3,4,3,4,4,3,3,3,4,3,4,3,4,3,3,3,4,5,4,3,3,3,5,3
"DB08362",3,4,3,3,4,4,4,3,3,4,4,3,4,3,4,4,3,3,3,4,3,4,3,4,3,3,3,4,5,4,3,3,3,5,3
"DB08473",3,4,3,3,4,4,4,3,3,4,4,3,4,3,4,4,3,3,3,4,3,4,3,4,3,3,3,4,5,4,3,3,3,5,3
"DB08660",3,4,3,3,4,4,4,3,3,4,4,3,4,3,4,4,3,3,3,4,3,4,3,4,3,3,3,4,5,4,3,3,3,5,3
"DB01356",4,3,3,3,4,3,4,3,3,4,3,4,4,3,4,4,3,3,4,4,4,4,4,4,3,3,3,4,5,4,3,3,4,5,3
"DB01772",4,3,3,3,4,4,4,3,3,4,3,4,4,3,4,4,3,3,4,4,4,4,4,4,3,3,4,4,5,4,3,3,4,5,3
"DB01793",4,3,3,3,4,4,4,3,3,4,3,4,4,3,4,4,3,3,4,4,4,4,4,4,3,3,4,4,5,4,3,3,4,5,3
"DB01950",4,3,3,3,4,4,4,3,3,4,3,4,4,3,4,4,3,3,4,4,4,4,4,4,3,3,4,4,5,4,3,3,4,5,3
"DB02010",4,3,3,3,3,3,3,3,3,3,3,3,4,3,4,4,3,3,3,3,3,4,3,4,3,3,3,3,5,3,3,2,3,5,3
"DB02052",4,3,3,3,3,4,3,3,3,3,3,3,3,3,4,4,3,3,3,4,3,4,4,4,3,3,3,4,5,4,3,2,3,5,3
"DB03444",4,3,3,3,4,4,4,3,3,4,3,4,4,3,4,4,3,3,4,4,4,4,4,4,3,3,4,4,5,4,3,3,4,5,3
"DB04014",4,3,3,3,3,4,4,3,3,4,3,4,3,3,4,4,3,3,3,4,4,4,4,4,3,3,3,4,5,4,3,2,4,5,3
"DB07014",4,3,3,3,4,4,4,3,3,4,3,4,4,3,4,4,3,3,4,4,4,4,4,4,3,3,4,4,5,4,3,3,4,5,3
"DB07058",4,3,3,3,4,4,4,3,3,4,3,4,4,3,4,4,3,3,4,4,4,4,4,4,3,3,4,4,5,4,3,3,4,5,3
"DB07149",4,3,3,3,4,4,4,3,3,4,3,4,4,3,4,4,3,3,4,4,4,4,4,4,3,3,4,4,5,4,3,3,4,5,3
"DB07584",4,3,3,3,4,3,4,3,3,3,3,4,4,3,4,4,3,3,4,4,3,4,4,4,3,3,4,4,5,4,3,2,3,5,3
"DB07585",4,3,3,3,4,3,4,3,3,3,3,4,4,3,4,4,3,3,4,4,3,4,4,4,3,3,4,4,5,4,3,2,3,5,3
"DB07676",4,3,3,3,4,4,4,3,3,4,3,4,4,3,4,4,3,3,4,4,4,4,4,4,3,3,4,4,5,4,3,3,4,5,3
"DB07812",4,3,3,3,4,4,4,3,3,3,3,4,4,3,4,4,3,3,4,4,4,4,4,4,3,3,4,4,5,4,3,3,4,5,3
"DB12129",4,3,3,3,4,4,4,3,3,4,3,4,4,3,4,4,3,3,4,4,4,4,4,4,3,3,4,4,5,4,3,3,4,5,3
"DB14507",4,3,3,3,4,3,4,3,3,4,3,4,4,3,4,4,3,3,4,4,4,4,4,4,3,3,3,4,5,4,3,3,4,5,3
"DB14508",4,3,3,3,4,3,4,3,3,4,3,4,4,3,4,4,3,3,4,4,4,4,4,4,3,3,3,4,5,4,3,3,4,5,3
"DB14509",4,3,3,3,4,3,4,3,3,4,3,4,4,3,4,4,3,3,4,4,4,4,4,4,3,3,3,4,5,4,3,3,4,5,3
"DB04447",3,3,3,3,4,4,4,3,3,4,3,4,4,4,4,4,3,3,3,3,4,4,3,4,3,3,3,3,5,3,3,3,3,5,2
"DB00605",4,3,3,3,4,4,4,3,3,4,4,4,4,3,4,4,3,4,3,3,4,4,4,4,3,3,3,4,6,4,4,3,4,6,3
"DB01169",3,3,3,3,3,3,4,3,3,3,3,3,3,3,4,4,3,3,3,3,3,3,3,3,3,3,3,3,5,3,3,2,3,5,3
"DB02733",3,3,3,3,3,3,3,3,3,3,3,3,4,3,4,4,3,3,3,3,3,4,4,4,3,3,3,4,5,4,3,2,3,5,3
"DB04604",4,3,3,3,4,4,4,3,3,4,4,4,4,3,4,4,4,4,3,3,4,4,4,4,3,3,3,4,6,4,4,3,4,6,3
"DB06195",3,3,3,3,3,4,3,3,3,3,3,3,3,3,4,4,3,3,3,3,3,4,4,4,3,3,3,4,5,4,3,2,3,5,3
"DB08862",4,3,3,3,4,3,4,3,3,4,3,4,4,3,4,4,3,3,3,3,4,4,4,4,3,3,3,3,5,3,3,3,3,5,3
"DB13930",4,3,3,3,4,4,4,3,3,4,3,3,4,3,4,4,3,4,3,3,4,4,4,4,3,3,3,4,6,4,4,3,4,6,3
"DB00255",3,3,3,3,3,3,4,3,3,3,4,3,3,3,4,3,3,3,3,3,3,4,4,3,3,4,3,4,5,4,3,3,3,5,3
"DB00269",4,3,3,4,4,3,4,3,3,3,4,4,4,3,4,4,3,3,3,3,3,4,4,4,3,4,4,4,5,4,3,3,3,5,3
"DB00286",3,3,3,3,4,3,4,3,3,3,4,4,4,3,4,4,3,3,3,3,3,4,4,4,3,4,4,4,5,4,3,3,3,5,3
"DB00294",4,4,4,4,4,4,4,4,4,4,4,4,4,3,4,4,4,4,4,4,4,4,4,4,4,4,4,4,5,4,3,3,4,5,4
"DB00304",4,3,3,4,4,3,4,3,3,3,4,4,4,3,4,4,3,3,3,3,3,4,4,4,3,4,4,4,5,4,3,3,3,5,3
"DB00367",3,3,3,3,3,3,4,3,3,3,4,4,3,3,4,4,3,3,3,3,3,4,4,3,3,3,3,4,5,4,3,3,3,5,3
"DB00431",4,3,3,4,4,3,4,3,3,3,4,4,4,3,4,3,3,3,3,3,3,4,4,4,3,4,3,4,5,4,3,3,3,5,3
"DB00481",3,3,3,3,4,3,4,3,3,3,4,4,4,3,4,4,3,3,3,3,3,4,4,4,3,4,4,4,5,4,3,3,3,5,3
"DB00539",4,3,3,4,4,3,4,3,3,3,4,4,4,3,4,4,3,3,3,3,3,4,4,4,3,4,4,4,5,4,3,3,3,5,3
"DB00603",4,3,3,4,4,3,4,3,3,3,4,4,4,3,4,4,3,3,3,3,3,4,4,4,3,4,3,4,5,4,3,3,3,5,3
"DB00624",3,3,3,3,3,3,4,3,3,3,4,4,3,3,4,4,3,3,3,3,3,4,4,3,3,4,3,4,5,4,3,3,3,5,3
"DB00648",3,3,3,3,3,3,4,3,3,3,4,4,3,3,4,4,3,3,3,3,3,4,4,3,3,4,3,4,5,4,3,3,3,5,3
"DB00655",3,3,3,3,3,3,4,3,3,3,4,4,3,3,4,4,3,3,3,3,3,4,4,3,3,4,3,4,5,4,3,3,3,5,3
"DB00756",4,3,3,4,4,3,4,3,3,3,4,4,4,3,4,4,3,3,3,3,3,4,4,4,3,3,3,4,5,4,3,3,3,5,3
"DB00823",4,3,3,4,4,3,4,3,3,3,4,4,4,3,4,4,3,3,3,3,3,4,4,4,3,4,4,4,5,4,3,3,3,5,3
"DB00841",4,3,3,3,4,3,4,3,3,3,3,4,3,3,4,4,3,3,3,3,3,3,4,4,3,3,3,4,5,4,3,3,3,5,3
"DB00882",4,3,3,4,4,3,4,3,3,3,4,4,4,3,4,4,3,3,3,3,3,4,4,4,3,4,4,4,5,4,3,3,3,5,3
"DB00890",4,3,3,4,4,3,4,3,3,3,4,4,4,3,4,4,3,3,3,3,3,4,4,4,3,4,4,4,5,4,3,3,3,5,3
"DB00947",4,3,3,4,4,3,4,3,3,3,4,4,4,3,4,4,3,3,3,3,3,4,4,4,3,4,4,4,5,4,3,3,3,5,3
"DB00957",3,3,3,3,3,3,4,3,3,3,4,4,3,3,4,4,3,3,3,3,3,4,4,3,3,4,3,4,5,4,3,3,3,5,3
"DB00977",4,3,3,4,4,3,4,3,3,3,4,4,4,3,4,3,3,3,3,3,3,4,4,4,3,4,4,4,5,4,3,3,3,5,3
"DB01108",3,3,3,3,4,3,4,3,3,3,4,4,4,3,4,4,3,3,3,3,3,4,4,4,3,4,3,4,5,4,3,3,3,5,3
"DB01185",3,3,3,3,3,3,4,3,3,3,4,4,3,3,4,4,3,3,3,3,3,4,4,3,3,3,3,4,5,4,3,3,3,5,3
"DB01196",3,3,3,3,4,3,4,3,3,3,4,4,4,3,4,4,3,3,3,3,3,4,3,4,3,3,4,4,5,4,3,3,3,5,3
"DB01357",4,3,3,4,4,3,4,3,3,3,4,4,4,3,4,4,3,3,3,3,3,4,4,4,3,4,4,4,5,4,3,3,3,5,3
"DB01406",3,3,3,3,3,3,4,3,3,3,4,4,3,3,4,4,3,3,3,3,3,4,4,3,3,4,3,4,5,3,3,3,3,5,3
"DB01428",3,3,3,3,3,3,4,3,3,3,4,4,3,3,4,4,3,3,3,3,3,4,4,3,3,4,3,4,5,4,3,3,3,5,3
"DB01431",4,3,3,4,4,3,4,3,3,3,4,4,4,3,4,4,3,3,3,3,3,4,4,4,3,4,4,4,5,4,3,3,3,5,3
"DB01645",3,3,3,3,3,3,4,3,3,3,3,3,4,3,4,3,3,3,3,3,3,4,4,4,3,3,3,4,5,4,3,2,3,5,3
"DB01878",3,3,3,3,4,3,4,3,3,3,4,4,4,3,4,4,3,3,3,3,3,4,4,4,3,4,4,4,5,4,3,3,3,5,3
"DB02187",4,3,3,4,4,3,4,3,3,3,4,4,4,3,4,4,3,3,3,3,3,4,4,4,3,4,4,4,5,4,3,3,3,5,3
"DB02615",4,3,3,4,4,3,4,3,3,3,4,4,4,3,4,4,3,3,3,3,3,4,4,3,3,3,3,4,5,4,3,3,3,5,3
"DB02715",4,3,3,4,4,3,4,3,3,3,4,4,4,3,4,4,3,3,3,3,3,4,4,4,3,4,4,4,5,4,3,3,3,5,3
"DB02746",3,3,3,3,4,3,3,3,3,3,4,4,4,3,4,4,3,3,3,3,3,4,4,4,3,4,4,4,5,4,3,3,3,5,3
"DB02757",3,3,3,3,4,3,4,3,3,3,4,4,4,3,4,4,3,3,3,3,3,4,4,4,3,4,4,4,5,4,3,3,3,5,3
"DB02901",3,3,3,3,3,3,4,3,3,3,4,4,3,3,4,4,3,3,3,3,3,4,4,3,3,4,3,4,5,4,3,3,3,5,3
"DB03467",3,3,3,3,4,3,4,3,3,3,4,4,4,3,4,4,3,3,3,3,3,4,4,4,3,4,4,4,5,4,3,3,3,5,3
"DB03742",4,3,3,4,4,3,4,3,3,3,4,4,4,3,4,4,3,3,3,3,3,4,4,4,3,4,4,4,5,4,3,3,3,5,3
"DB03802",4,3,3,4,4,3,4,3,3,3,4,4,4,3,4,4,3,3,3,3,3,4,4,4,3,4,4,4,5,4,3,3,3,5,3
"DB04468",3,3,3,3,4,3,4,3,3,3,4,4,4,3,4,3,3,3,3,3,3,4,4,4,3,4,4,4,5,4,3,3,3,5,3
"DB04471",4,3,3,4,4,3,4,3,3,3,4,4,4,3,4,4,3,3,3,3,3,4,4,4,3,4,4,4,5,4,3,3,3,5,3
"DB04573",3,3,3,3,4,3,4,3,3,3,4,4,4,3,4,4,3,3,3,3,3,4,4,4,3,4,4,4,5,4,3,3,3,5,3
"DB04574",3,3,3,3,4,3,4,3,3,3,4,4,4,3,4,4,3,3,3,3,3,4,4,4,3,4,4,4,5,4,3,3,3,5,3
"DB04575",4,3,3,4,4,3,4,3,3,3,4,4,4,3,4,4,3,3,3,3,3,4,4,4,3,4,4,4,5,4,3,3,3,5,3
"DB04824",4,3,3,4,4,3,4,3,3,3,4,4,4,3,4,3,3,3,3,3,3,4,4,4,3,4,4,4,5,4,3,3,3,5,3
"DB04930",4,3,3,4,4,3,4,3,3,3,4,4,4,3,4,3,3,3,3,3,3,4,4,4,3,4,4,4,5,4,3,3,3,5,3
"DB04938",4,3,3,4,4,3,4,3,3,3,4,4,4,3,4,4,3,3,3,3,3,4,4,4,3,4,4,4,5,4,3,3,3,5,3
"DB05233",4,3,3,4,4,3,4,3,3,3,4,4,4,3,4,4,3,3,3,3,3,4,4,4,3,4,4,4,5,4,3,3,3,5,3
"DB05487",4,3,3,3,4,3,4,3,3,3,3,4,4,3,4,4,3,3,3,3,3,4,4,4,3,4,3,3,5,3,3,3,3,5,3
"DB05662",4,3,3,4,4,3,4,3,3,3,4,4,4,3,4,4,3,3,3,3,3,4,4,4,3,4,4,4,5,4,3,3,3,5,3
"DB05882",3,3,3,3,4,3,4,3,3,3,4,4,4,3,4,4,3,3,3,3,3,4,4,4,3,4,4,4,5,4,3,3,3,5,3
"DB05966",3,3,3,3,4,3,4,3,3,3,4,4,4,3,4,4,3,3,3,3,3,4,4,4,3,4,4,4,5,4,3,3,3,5,3
"DB06202",3,3,3,3,4,3,4,3,3,3,4,4,4,3,4,4,3,3,3,3,3,4,4,4,3,4,4,4,5,4,3,3,3,5,3
"DB06249",3,3,3,3,4,3,4,3,3,3,4,4,4,3,4,4,3,3,3,3,3,4,4,4,3,4,4,4,5,4,3,3,3,5,3
"DB06374",4,3,3,4,4,3,4,3,3,3,4,4,4,3,4,4,3,3,3,3,3,4,4,4,3,4,4,4,5,4,3,3,3,5,3
"DB06401",3,3,3,3,4,3,4,3,3,3,4,4,4,3,4,4,3,3,3,3,3,4,4,4,3,4,4,4,5,4,3,3,3,5,3
"DB06710",3,3,3,3,3,3,4,3,3,3,4,4,3,3,4,4,3,3,3,3,3,4,4,3,3,4,3,4,5,4,3,3,3,5,3
"DB06732",4,3,3,3,4,3,4,3,3,3,4,4,4,3,4,4,3,3,3,3,3,4,4,4,3,4,4,4,5,4,3,3,3,5,3
"DB06871",4,3,3,4,4,3,4,3,3,3,4,4,4,3,4,4,3,3,3,3,3,4,4,4,3,4,4,4,5,4,3,3,3,5,3
"DB06898",4,3,3,4,4,3,4,3,3,3,4,4,4,3,4,4,3,3,3,3,3,4,4,4,3,4,4,4,5,4,3,3,3,5,3
"DB06927",3,3,3,3,4,3,4,3,3,3,4,4,4,3,4,4,3,3,3,3,3,4,4,4,3,4,4,4,5,4,3,3,3,5,3
"DB07086",4,3,3,4,4,3,4,3,3,3,4,4,4,3,4,4,3,3,3,3,3,4,4,4,3,4,4,4,5,4,3,3,3,5,3
"DB07087",4,3,3,4,4,3,4,3,3,3,4,4,4,3,4,4,3,3,3,3,3,4,4,4,3,4,4,4,5,4,3,3,3,5,3
"DB07195",4,3,3,4,4,3,4,3,3,3,4,4,4,3,4,4,3,3,3,3,3,4,4,4,3,4,4,4,5,4,3,3,3,5,3
"DB07567",4,3,3,4,4,3,4,3,3,3,4,4,4,3,4,4,3,3,3,3,3,4,4,4,3,4,4,4,5,4,3,3,3,5,3
"DB07638",3,3,3,3,4,3,4,3,3,3,4,4,4,3,4,4,3,3,3,3,3,4,4,4,3,4,4,4,5,4,3,3,3,5,3
"DB07678",4,3,3,4,4,3,4,3,3,3,4,4,4,3,4,4,3,3,3,3,3,4,4,4,3,4,4,4,5,4,3,3,3,5,3
"DB07707",4,3,3,4,4,3,4,3,3,3,4,4,4,3,4,4,3,3,3,3,3,4,4,4,3,4,4,4,5,4,3,3,3,5,3
"DB07708",4,3,3,4,4,3,4,3,3,3,4,4,4,3,4,4,3,3,3,3,3,4,4,4,3,4,4,4,5,4,3,3,3,5,3
"DB07712",4,3,3,4,4,3,4,3,3,3,4,4,4,3,4,4,3,3,3,3,3,4,4,4,3,4,4,4,5,4,3,3,3,5,3
"DB07931",4,3,3,4,4,3,4,3,3,3,4,4,4,3,4,3,3,3,3,3,3,4,4,4,3,4,4,4,5,4,3,3,3,5,3
"DB07932",4,3,3,4,4,3,4,3,3,3,4,4,4,3,4,4,3,3,3,3,3,4,4,4,3,4,4,4,5,4,3,3,3,5,3
"DB07933",3,3,3,3,4,3,4,3,3,3,4,4,4,3,4,4,3,3,3,3,3,4,4,4,3,4,4,4,5,4,3,3,3,5,3
"DB07991",4,3,3,4,4,3,4,3,3,3,4,4,4,3,4,4,3,3,3,3,3,4,4,4,3,4,4,4,5,4,3,3,3,5,3
"DB08020",3,3,3,3,4,3,4,3,3,3,4,4,4,3,4,4,3,3,3,3,3,4,4,4,3,4,4,4,5,4,3,3,3,5,3
"DB08047",4,3,3,4,4,3,4,3,3,3,4,4,4,3,4,4,3,3,3,3,3,4,4,4,3,4,4,4,5,4,3,3,3,5,3
"DB08048",4,3,3,4,4,3,4,3,3,3,4,4,4,3,4,4,3,3,3,3,3,4,4,4,3,4,4,4,5,4,3,3,3,5,3
"DB08320",4,3,3,4,4,3,4,3,3,3,4,4,4,3,4,4,3,3,3,3,3,4,4,4,3,4,4,4,5,4,3,3,3,5,3
"DB08398",4,3,3,4,4,3,4,3,3,3,4,4,4,3,4,4,3,3,3,3,3,4,4,4,3,4,4,4,5,4,3,3,3,5,3
"DB08595",4,3,3,4,4,3,4,3,3,3,4,4,4,3,4,4,3,3,3,3,3,4,4,4,3,4,4,4,5,4,3,3,3,5,3
"DB08737",4,3,3,4,4,3,4,3,3,3,4,4,4,3,4,4,3,3,3,3,3,4,4,4,3,4,4,4,5,4,3,3,3,5,3
"DB08773",4,3,3,4,4,3,4,3,3,3,4,4,4,3,4,4,3,3,3,3,3,4,4,4,3,4,4,4,5,4,3,3,3,5,3
"DB09070",4,3,3,4,4,3,4,3,3,3,4,4,4,3,4,4,3,3,3,3,3,4,4,4,3,4,4,4,5,4,3,3,3,5,3
"DB09086",3,3,3,3,3,3,4,3,3,3,4,4,3,3,4,4,3,3,3,3,3,4,4,3,3,4,3,4,5,4,3,3,3,5,3
"DB09317",4,3,3,4,4,3,4,3,3,3,4,4,4,3,4,4,3,3,3,3,3,4,4,4,3,4,4,4,5,4,3,3,3,5,3
"DB09318",4,3,3,4,4,3,4,3,3,3,4,4,4,3,4,4,3,3,3,3,3,4,4,4,3,4,4,4,5,4,3,3,3,5,3
"DB09369",4,3,3,4,4,3,4,3,3,3,4,4,4,3,4,4,3,3,3,3,3,4,4,4,3,4,4,4,5,4,3,3,3,5,3
"DB09371",3,3,3,3,3,3,4,3,3,3,4,4,3,3,4,4,3,3,3,3,3,4,4,3,3,4,3,4,5,4,3,3,3,5,3
"DB09535",3,3,3,3,4,3,4,3,3,3,4,4,4,3,4,4,3,3,3,3,3,4,4,4,3,4,4,4,5,4,3,3,3,5,3
"DB11064",3,3,3,3,3,3,4,3,3,3,4,4,3,3,4,4,3,3,3,3,3,4,4,3,3,4,3,4,5,4,3,3,3,5,3
"DB11219",3,3,3,3,3,3,4,3,3,3,4,4,3,3,4,4,3,3,3,3,3,4,4,3,3,4,3,4,5,4,3,3,3,5,3
"DB11478",4,3,3,4,4,3,4,3,3,3,4,4,4,3,4,4,3,3,3,3,3,4,4,4,3,4,4,4,5,4,3,3,3,5,3
"DB11541",4,3,3,4,4,3,4,3,3,3,4,4,4,3,4,4,3,3,3,3,3,4,4,4,3,4,4,4,5,4,3,3,3,5,3
"DB11619",3,3,3,3,3,3,4,3,3,3,4,4,3,3,4,4,3,3,3,3,3,4,4,3,3,3,3,4,5,4,3,3,3,5,3
"DB12450",4,3,3,4,4,3,4,3,3,3,4,4,4,3,4,4,3,3,3,3,3,4,4,4,3,4,4,4,5,4,3,3,3,5,3
"DB13869",3,3,3,3,4,3,4,3,3,3,4,4,4,3,4,4,3,3,3,3,3,4,4,4,3,4,4,4,5,4,3,3,3,5,3
"DB13943",3,3,3,3,3,3,4,3,3,3,4,4,3,3,4,4,3,3,3,3,3,4,4,3,3,4,3,4,5,4,3,3,3,5,3
"DB13944",3,3,3,3,3,3,4,3,3,3,4,4,3,3,4,4,3,3,3,3,3,4,4,3,3,4,3,4,5,4,3,3,3,5,3
"DB13946",3,3,3,3,3,3,4,3,3,3,4,4,3,3,4,4,3,3,3,3,3,4,4,3,3,4,3,4,5,4,3,3,3,5,3
"DB13951",3,3,3,3,3,3,4,3,3,3,4,4,3,3,4,4,3,3,3,3,3,4,4,3,3,4,3,4,5,4,3,3,3,5,3
"DB13952",3,3,3,3,4,3,4,3,3,3,4,4,4,3,4,3,3,3,3,3,3,4,4,3,3,4,3,4,5,4,3,3,3,5,3
"DB13953",3,3,3,3,4,3,4,3,3,3,4,4,4,3,4,3,3,3,3,3,3,4,4,3,3,4,3,4,5,4,3,3,3,5,3
"DB13954",3,3,3,3,4,3,4,3,3,3,4,4,4,3,4,3,3,3,3,3,3,4,4,3,3,4,3,4,5,4,3,3,3,5,3
"DB13955",3,3,3,3,4,3,4,3,3,3,4,4,4,3,4,3,3,3,3,3,3,4,4,3,3,4,3,4,5,4,3,3,3,5,3
"DB13956",3,3,3,3,4,3,4,3,3,3,4,4,4,3,4,3,3,3,3,3,3,4,4,3,3,4,3,4,5,4,3,3,3,5,3
"DB14487",3,3,3,3,3,3,3,3,3,3,3,3,3,3,3,4,3,3,3,3,3,3,3,3,3,3,3,3,5,3,3,3,3,5,3
"DB14533",3,3,3,3,3,3,3,3,3,3,3,3,3,3,3,4,3,3,3,3,3,3,3,3,3,3,3,3,5,3,3,3,3,5,3
"DB14641",3,3,3,3,4,3,4,3,3,3,4,4,4,3,4,4,3,3,3,3,3,4,4,4,3,4,4,4,5,4,3,3,3,5,3
"DB01064",3,3,3,3,3,3,3,3,3,3,3,3,3,3,3,4,3,3,3,3,4,3,3,4,3,3,3,3,5,3,3,3,3,5,3
"DB02116",4,3,3,3,3,4,3,3,3,3,3,3,3,3,4,4,3,3,3,4,3,4,4,4,3,3,3,4,5,4,3,2,3,5,3
"DB04338",4,4,3,3,4,3,4,3,3,4,3,3,4,3,4,4,3,4,3,4,4,4,4,4,3,3,4,4,6,4,4,3,4,6,3
"DB06641",4,4,3,3,4,3,4,3,3,3,3,3,4,3,4,4,3,3,3,3,3,4,4,4,3,3,4,3,5,3,3,2,3,5,3
"DB06877",4,4,3,3,4,4,4,3,3,4,3,3,4,3,4,4,3,4,3,4,4,4,4,4,3,3,4,4,6,4,4,3,4,6,3
"DB07010",4,4,3,3,4,4,4,3,3,3,3,3,4,3,4,4,3,4,3,4,4,4,4,4,3,3,4,4,5,4,3,3,4,5,3
"DB07264",4,4,3,3,4,4,4,3,3,4,3,3,4,3,4,4,3,4,3,4,4,4,4,4,3,3,4,4,6,4,4,3,4,6,3
"DB07788",4,4,3,3,4,4,4,3,3,4,3,3,4,3,4,4,3,4,3,4,4,4,4,4,3,3,4,4,6,4,4,3,4,6,3
"DB07794",4,4,3,3,4,4,4,3,3,4,3,3,4,3,4,4,3,4,3,4,4,4,4,4,3,3,4,4,6,4,4,3,4,6,3
"DB07905",4,4,3,3,4,4,4,3,3,4,3,3,4,3,4,4,3,4,3,4,4,4,4,4,3,3,4,4,6,4,4,3,4,6,3
"DB08513",4,4,3,3,4,3,4,3,3,4,3,3,3,3,4,4,3,4,3,3,4,4,4,4,3,3,4,4,5,4,3,3,4,5,3
"DB08521",4,4,3,3,4,3,4,3,3,4,3,3,4,3,4,4,3,4,3,4,4,4,4,4,3,3,4,4,6,4,4,3,4,6,3
"DB11120",4,4,3,3,4,4,4,3,3,4,3,3,4,3,4,4,3,4,3,4,4,4,4,4,3,3,4,4,6,4,4,3,4,6,3
"DB01254",3,3,3,3,3,3,4,3,3,3,3,3,4,3,3,4,3,3,3,3,4,4,3,4,3,3,3,4,5,4,3,3,3,5,3
"DB01761",4,4,3,3,4,3,4,3,3,4,4,4,4,3,4,4,3,4,3,4,4,4,4,4,3,3,4,4,6,4,4,3,4,6,4
"DB01807",4,4,3,3,4,3,4,3,3,4,4,4,4,3,4,4,3,4,3,4,4,4,4,4,3,3,4,4,6,4,4,3,4,6,4
"DB01948",4,4,3,3,4,3,4,3,3,4,4,4,4,3,4,4,3,4,3,4,4,4,4,4,3,3,4,4,6,4,4,3,4,6,4
"DB01953",4,4,3,3,4,3,4,3,3,4,4,4,4,3,4,4,3,4,3,4,4,4,4,4,3,3,4,4,6,4,4,3,4,6,4
"DB01988",4,4,3,3,4,3,4,3,3,4,4,4,4,3,4,4,3,4,3,4,4,4,4,4,3,3,4,4,6,4,4,3,4,6,4
"DB02195",4,4,3,3,4,3,4,3,3,4,4,4,4,3,4,4,3,4,3,4,4,4,4,4,3,3,4,4,6,4,4,3,4,6,4
"DB02277",4,4,3,3,4,3,4,3,3,4,4,4,4,3,4,4,3,4,3,4,4,4,4,4,3,3,4,4,6,4,4,3,4,6,4
"DB02352",4,4,3,3,4,3,4,3,3,4,4,4,4,3,4,4,3,4,3,4,4,4,4,4,3,3,4,4,6,4,4,3,4,6,4
"DB02873",4,4,3,3,4,3,4,3,3,4,4,4,4,3,4,4,3,4,3,4,4,4,4,4,3,3,4,4,6,4,4,3,4,6,4
"DB02984",4,4,3,3,4,3,4,3,3,4,4,4,4,3,4,4,3,4,3,4,4,4,4,4,3,3,4,4,6,4,4,3,4,6,4
"DB03044",4,4,3,3,4,3,4,3,3,4,4,4,4,3,4,4,3,4,3,4,4,4,4,4,3,3,4,4,6,4,4,3,4,6,4
"DB03110",4,4,3,3,4,3,4,3,3,4,4,4,4,3,4,4,3,4,3,4,4,4,4,4,3,3,4,4,6,4,4,3,4,6,4
"DB03980",4,4,3,3,4,3,4,3,3,4,4,4,4,3,4,4,3,4,3,4,4,4,4,4,3,3,4,4,6,4,4,3,4,6,4
"DB04632",4,4,3,3,4,3,4,3,3,4,4,4,4,3,4,4,3,4,3,4,4,4,4,4,3,3,4,4,6,4,4,3,4,6,4
"DB04797",4,4,3,3,4,3,4,3,3,4,4,4,4,3,4,4,3,4,3,4,4,4,4,4,3,3,4,4,6,4,4,3,4,6,4
"DB05157",4,4,3,3,4,3,4,3,3,4,4,4,4,3,4,4,3,3,3,4,4,4,4,4,3,3,4,4,5,4,3,3,4,5,3
"DB05412",3,3,3,3,4,3,4,3,3,4,4,4,4,3,4,4,3,4,3,4,4,4,4,4,3,3,4,4,5,4,3,3,4,5,3
"DB05470",3,4,3,3,4,3,4,3,3,4,4,4,4,3,4,4,3,4,3,4,4,4,4,4,3,3,4,4,5,4,3,3,4,5,3
"DB06518",4,4,3,3,4,3,4,3,3,4,4,4,4,3,4,4,3,4,3,4,4,4,4,4,3,3,4,4,6,4,4,3,4,6,4
"DB06882",4,3,3,3,3,3,4,3,3,4,3,4,4,3,4,4,3,4,3,4,4,4,4,4,3,3,3,4,5,4,3,3,4,5,3
"DB06940",4,4,3,3,4,3,4,3,3,4,4,4,4,3,4,4,3,4,3,4,4,4,4,4,3,3,4,4,6,4,4,3,4,6,4
"DB06991",4,4,3,3,4,3,4,3,3,4,4,4,4,3,4,4,3,4,3,4,4,4,4,4,3,3,4,4,6,4,4,3,4,6,4
"DB07138",4,4,3,3,4,3,4,3,3,4,4,4,4,3,4,4,3,4,3,4,4,4,4,4,3,3,4,4,6,4,4,3,4,6,4
"DB07307",4,4,3,3,4,3,4,3,3,4,4,4,4,3,4,4,3,4,3,4,4,4,4,4,3,3,4,4,6,4,4,3,4,6,4
"DB07459",4,4,3,3,4,3,4,3,3,4,4,4,4,3,4,4,3,4,3,4,4,4,4,4,3,3,4,4,6,4,4,3,4,6,4
"DB07607",4,4,3,3,4,3,4,3,3,4,4,4,4,3,4,4,3,4,3,4,4,4,4,4,3,3,4,4,6,4,4,3,4,6,4
"DB07811",4,4,3,3,4,3,4,3,3,4,4,4,4,3,4,4,3,4,3,4,4,4,4,4,3,3,4,4,6,4,4,3,4,6,4
"DB07829",4,4,3,3,4,3,4,3,3,4,4,4,4,3,4,4,3,4,3,4,4,4,4,4,3,3,4,4,6,4,4,3,4,6,4
"DB07832",4,4,3,3,4,3,4,3,3,4,4,4,4,3,4,4,3,4,3,4,4,4,4,4,3,3,4,4,6,4,4,3,4,6,4
"DB07833",4,4,3,3,4,3,4,3,3,4,4,4,4,3,4,4,3,4,3,4,4,4,4,4,3,3,4,4,6,4,4,3,4,6,4
"DB07834",4,4,3,3,4,3,4,3,3,4,4,4,4,3,4,4,3,4,3,4,4,4,4,4,3,3,4,4,6,4,4,3,4,6,4
"DB07835",4,4,3,3,4,3,4,3,3,4,4,4,4,3,4,4,3,4,3,4,4,4,4,4,3,3,4,4,6,4,4,3,4,6,4
"DB07941",4,4,3,3,4,3,4,3,3,4,4,4,4,3,4,4,3,4,3,4,4,4,4,4,3,3,4,4,6,4,4,3,4,6,4
"DB07942",4,4,3,3,4,3,4,3,3,4,4,4,4,3,4,4,3,4,3,4,4,4,4,4,3,3,4,4,6,4,4,3,4,6,4
"DB07943",4,4,3,3,4,3,4,3,3,4,4,4,4,3,4,4,3,4,3,4,4,4,4,4,3,3,4,4,6,4,4,3,4,6,4
"DB08064",4,4,3,3,4,3,4,3,3,4,4,4,4,3,4,4,3,4,3,4,4,4,4,4,3,3,4,4,6,4,4,3,4,6,4
"DB08068",4,4,3,3,4,3,4,3,3,4,4,4,4,3,4,4,3,4,3,4,4,4,4,4,3,3,4,4,6,4,4,3,4,6,4
"DB08091",4,4,3,3,4,3,4,3,3,4,4,4,4,3,4,4,3,4,3,4,4,4,4,4,3,3,4,4,6,4,4,3,4,6,4
"DB08092",4,4,3,3,4,3,4,3,3,4,4,4,4,3,4,4,3,4,3,4,4,4,4,4,3,3,4,4,6,4,4,3,4,6,4
"DB08093",4,4,3,3,4,3,4,3,3,4,4,4,4,3,4,4,3,4,3,4,4,4,4,4,3,3,4,4,6,4,4,3,4,6,4
"DB08095",4,4,3,3,4,3,4,3,3,4,4,4,4,3,4,4,3,4,3,4,4,4,4,4,3,3,4,4,6,4,4,3,4,6,4
"DB08096",4,4,3,3,4,3,4,3,3,4,4,4,4,3,4,4,3,4,3,4,4,4,4,4,3,3,4,4,6,4,4,3,4,6,4
"DB08097",4,4,3,3,4,3,4,3,3,4,4,4,4,3,4,4,3,4,3,4,4,4,4,4,3,3,4,4,6,4,4,3,4,6,4
"DB08242",4,4,3,3,4,3,4,3,3,4,4,4,4,3,4,4,3,4,3,4,4,4,4,4,3,3,4,4,6,4,4,3,4,6,4
"DB08349",4,4,3,3,4,3,4,3,3,4,4,4,4,3,4,4,3,4,3,4,4,4,4,4,3,3,4,4,6,4,4,3,4,6,4
"DB08351",4,4,3,3,4,3,4,3,3,4,4,4,4,3,4,4,3,4,3,4,4,4,4,4,3,3,4,4,6,4,4,3,4,6,4
"DB08352",4,4,3,3,4,3,4,3,3,4,4,4,4,3,4,4,3,4,3,4,4,4,4,4,3,3,4,4,6,4,4,3,4,6,4
"DB08395",4,4,3,3,4,3,4,3,3,4,4,4,4,3,4,4,3,4,3,4,4,4,4,4,3,3,4,4,6,4,4,3,4,6,4
"DB08423",4,4,3,3,4,3,4,3,3,4,4,4,4,3,4,4,3,4,3,4,4,4,4,4,3,3,4,4,6,4,4,3,4,6,4
"DB08424",4,4,3,3,4,3,4,3,3,4,4,4,4,3,4,4,3,4,3,4,4,4,4,4,3,3,4,4,6,4,4,3,4,6,4
"DB08522",4,4,3,3,4,3,4,3,3,4,4,4,4,3,4,4,3,4,3,4,4,4,4,4,3,3,4,4,6,4,4,3,4,6,4
"DB08730",4,4,3,3,4,3,4,3,3,4,4,4,4,3,4,4,3,4,3,4,4,4,4,4,3,3,4,4,6,4,4,3,4,6,4
"DB00163",4,3,3,3,3,3,4,3,3,4,3,4,4,4,4,3,3,3,4,3,4,4,4,4,3,3,3,3,5,3,3,3,3,5,4
"DB02506",4,3,3,3,3,3,4,3,3,4,4,3,4,4,3,4,3,3,3,4,4,4,4,4,3,3,3,4,5,4,3,3,3,5,3
"DB06905",4,3,3,3,3,3,4,3,3,4,4,4,4,4,4,4,3,3,3,4,4,4,4,4,3,3,3,4,5,4,3,3,3,5,3
"DB14001",3,3,3,3,4,3,4,3,3,4,3,4,4,3,4,3,3,3,3,3,4,4,4,4,3,3,3,3,5,3,3,3,3,5,4
"DB14002",4,4,3,3,4,3,4,3,3,4,3,4,4,4,4,3,3,3,4,3,4,4,4,4,3,3,3,3,5,3,3,3,3,5,4
"DB01863",3,3,3,3,4,3,4,3,3,3,3,4,4,3,3,4,3,3,3,3,3,4,3,4,3,3,4,4,5,4,3,2,3,5,3
"DB05971",4,4,3,3,4,3,4,3,3,3,3,4,4,3,4,4,3,3,4,4,3,4,4,4,3,3,4,4,5,4,3,2,3,5,3
"DB06486",3,3,3,3,3,3,4,3,3,3,3,3,4,3,4,4,3,3,3,3,3,4,3,4,3,3,3,4,5,4,3,2,3,5,3
"DB01992",3,4,3,3,4,4,4,3,3,3,3,4,4,3,4,4,3,3,3,3,3,4,3,4,3,3,3,3,5,3,3,3,3,5,3
"DB00180",4,3,3,3,4,4,4,4,3,4,4,4,3,3,4,4,3,3,4,3,4,4,4,4,3,3,4,4,5,4,3,3,4,5,4
"DB00223",4,3,3,3,4,4,4,4,3,4,4,4,3,3,4,4,3,3,4,3,4,4,4,4,3,3,4,4,5,4,3,3,4,5,4
"DB00240",4,3,3,3,4,4,4,4,3,4,4,4,3,3,4,4,3,3,4,3,4,4,4,4,3,3,4,4,5,4,3,3,4,5,4
"DB00253",4,3,3,3,4,4,4,4,3,4,4,4,3,3,4,4,3,3,4,3,4,4,4,4,3,3,4,4,5,4,3,3,4,5,4
"DB00288",4,3,3,3,3,4,4,3,3,4,4,4,3,3,4,4,3,3,4,3,4,4,4,4,3,3,4,3,5,3,3,3,3,5,3
"DB00324",4,3,3,3,4,4,4,4,3,4,4,4,3,3,4,4,3,3,4,3,4,4,4,4,3,3,4,4,5,4,3,3,4,5,4
"DB00351",4,3,3,3,4,4,4,4,3,4,4,4,3,3,4,4,3,3,4,3,4,4,4,4,3,3,4,4,5,4,3,3,4,5,4
"DB00394",4,3,3,3,4,4,4,4,3,4,4,4,3,3,4,4,3,3,4,3,4,4,4,4,3,3,4,4,5,4,3,3,4,5,4
"DB00443",4,3,3,3,4,4,4,4,3,4,4,4,3,3,4,4,3,3,4,3,4,4,4,4,3,3,4,4,5,4,3,3,4,5,4
"DB00547",4,3,3,3,4,4,4,4,3,4,4,4,3,3,4,4,3,3,4,3,4,4,4,4,3,3,4,4,5,4,3,3,4,5,4
"DB00588",4,3,3,3,4,4,4,4,3,4,4,3,3,3,4,4,3,3,4,3,4,4,4,4,3,3,3,3,5,3,3,3,3,5,4
"DB00591",4,3,3,3,3,4,4,3,3,4,3,4,3,3,4,4,3,3,4,3,4,4,4,4,3,3,3,3,5,3,3,3,3,5,3
"DB00596",4,3,3,3,4,4,4,4,3,4,4,4,3,3,4,4,3,3,4,3,4,4,4,4,3,3,4,4,5,4,3,3,4,5,4
"DB00620",4,3,3,3,4,4,4,4,3,4,4,4,3,3,4,4,3,3,4,3,4,4,4,4,3,3,4,4,5,4,3,3,4,5,4
"DB00663",4,3,3,3,4,4,4,4,3,4,4,4,3,3,4,4,3,3,4,3,4,4,4,4,3,3,4,4,5,4,3,3,4,5,4
"DB00687",4,3,3,3,4,4,4,4,3,4,4,4,3,3,4,4,3,3,4,3,4,4,4,4,3,3,4,4,5,4,3,3,4,5,4
"DB00717",3,3,3,3,3,3,4,3,3,4,4,4,3,3,4,4,3,3,3,3,4,4,4,3,3,3,3,4,5,4,3,3,4,5,3
"DB00764",4,3,3,3,4,4,4,4,3,4,4,4,3,3,4,4,3,3,4,3,4,4,4,4,3,3,4,4,5,4,3,3,4,5,4
"DB00769",4,3,3,3,4,4,4,4,3,4,4,4,3,3,4,4,3,3,4,3,4,4,4,4,3,3,4,4,5,4,3,3,4,5,4
"DB00834",4,3,3,3,4,4,4,4,3,4,4,4,3,3,4,3,3,3,4,3,4,4,4,4,3,3,4,4,5,4,3,3,4,5,4
"DB00838",4,3,3,3,4,4,4,4,3,4,4,4,3,3,4,4,3,3,4,3,4,4,4,4,3,3,4,4,5,4,3,3,4,5,4
"DB00846",4,3,3,3,4,4,4,4,3,4,4,4,3,3,4,4,3,3,4,3,4,4,4,4,3,3,4,4,5,4,3,3,4,5,4
"DB00860",4,3,3,3,4,4,4,4,3,4,4,4,3,3,4,4,3,3,4,3,4,4,4,4,3,3,4,4,5,4,3,3,4,5,4
"DB00896",4,3,3,3,4,4,4,4,3,4,4,4,3,3,4,4,3,3,4,3,4,4,4,4,3,3,4,4,5,4,3,3,4,5,4
"DB01013",4,3,3,3,3,4,4,3,3,4,4,4,3,3,4,4,3,3,4,3,4,4,4,4,3,3,4,3,5,3,3,3,3,5,3
"DB01047",4,3,3,3,4,4,4,3,3,4,4,4,3,3,4,4,3,3,4,3,3,4,4,4,3,3,4,4,5,4,3,3,4,5,3
"DB01130",4,3,3,3,4,4,4,4,3,4,4,4,3,3,4,4,3,3,4,3,4,4,4,4,3,3,4,4,5,4,3,3,4,5,4
"DB01260",4,3,3,3,4,4,4,4,3,4,4,4,3,3,4,4,3,3,4,3,4,4,4,4,3,3,4,4,5,4,3,3,4,5,4
"DB01380",4,3,3,3,4,4,4,4,3,4,4,4,3,3,4,4,3,3,4,3,4,4,4,4,3,3,4,4,5,4,3,3,4,5,4
"DB01384",4,3,3,3,4,4,4,4,3,4,4,4,3,3,4,4,3,3,4,3,4,4,4,4,3,3,4,4,5,4,3,3,4,5,4
"DB01395",3,3,3,3,3,3,4,3,3,4,4,4,3,3,4,4,3,3,3,3,4,4,4,3,3,3,3,4,5,4,3,3,4,5,3
"DB02210",4,3,3,3,4,4,4,3,3,4,3,3,3,3,4,4,3,3,4,3,4,4,4,4,3,3,4,3,5,3,3,3,3,5,3
"DB04630",4,3,3,3,4,4,4,4,3,4,4,4,3,3,4,4,3,3,4,3,4,4,4,4,3,3,4,4,5,4,3,3,4,5,4
"DB05423",4,3,3,3,4,4,4,4,3,4,4,4,3,3,4,4,3,3,4,3,4,4,4,4,3,3,4,4,5,4,3,3,4,5,4
"DB06781",4,3,3,3,4,4,4,4,3,4,4,4,3,3,4,4,3,3,4,3,4,4,4,4,3,3,4,4,5,4,3,3,4,5,4
"DB08867",3,3,3,3,3,3,4,3,3,4,4,4,3,3,4,4,3,3,3,3,4,4,4,3,3,3,3,4,5,4,3,3,4,5,3
"DB08906",4,3,3,3,4,4,4,4,3,4,4,4,3,3,4,4,3,3,4,3,4,4,4,4,3,3,4,4,5,4,3,3,4,5,4
"DB09095",4,3,3,3,4,4,4,4,3,4,4,4,3,3,4,4,3,3,4,3,4,4,4,4,3,3,4,4,5,4,3,3,4,5,3
"DB11921",4,3,3,3,4,4,4,4,3,4,4,4,3,3,4,4,3,3,4,3,4,4,4,4,3,3,4,4,5,4,3,3,4,5,4
"DB12637",4,3,3,3,4,4,4,4,3,4,4,4,3,3,4,4,3,3,4,3,4,4,4,4,3,3,4,4,5,4,3,3,4,5,4
"DB13003",4,3,3,3,4,4,4,4,3,4,4,4,3,3,4,4,3,3,4,3,4,4,4,4,3,3,4,4,5,4,3,3,4,5,4
"DB13158",4,3,3,3,4,4,4,4,3,4,4,4,3,3,4,4,3,3,4,3,4,4,4,4,3,3,4,4,5,4,3,3,4,5,4
"DB13867",4,3,3,3,4,4,4,4,3,4,4,3,3,3,4,4,3,3,4,3,4,4,4,4,3,3,3,3,5,3,3,3,3,5,4
"DB14512",4,3,3,3,4,4,4,4,3,4,4,4,3,3,4,4,3,3,4,3,4,4,4,4,3,3,4,4,5,4,3,3,4,5,4
"DB14538",4,3,3,3,3,4,4,3,3,4,4,4,3,3,4,4,3,3,4,3,4,4,4,4,3,3,3,3,5,3,3,3,3,5,3
"DB14539",4,3,3,3,3,4,4,3,3,4,4,4,3,3,4,4,3,3,4,3,4,4,4,4,3,3,3,3,5,3,3,3,3,5,3
"DB14540",4,3,3,3,3,4,4,3,3,4,4,4,3,3,4,4,3,3,4,3,4,4,4,4,3,3,3,3,5,3,3,3,3,5,3
"DB14541",4,3,3,3,3,4,4,3,3,4,4,4,3,3,4,4,3,3,4,3,4,4,4,4,3,3,3,3,5,3,3,3,3,5,3
"DB14542",4,3,3,3,3,4,4,3,3,4,4,4,3,3,4,4,3,3,4,3,4,4,4,4,3,3,3,3,5,3,3,3,3,5,3
"DB14543",4,3,3,3,3,4,4,3,3,4,4,4,3,3,4,4,3,3,4,3,4,4,4,4,3,3,3,3,5,3,3,3,3,5,3
"DB14544",4,3,3,3,3,4,4,3,3,4,4,4,3,3,4,4,3,3,4,3,4,4,4,4,3,3,3,3,5,3,3,3,3,5,3
"DB14583",3,3,3,3,3,3,4,3,3,4,4,4,3,3,4,4,3,3,3,3,4,4,4,3,3,3,3,4,5,4,3,3,4,5,3
"DB14596",4,3,3,3,4,4,4,4,3,4,4,4,3,3,4,4,3,3,4,3,4,4,4,4,3,3,4,4,5,4,3,3,4,5,4
"DB15566",4,3,3,3,4,4,4,4,3,4,4,4,3,3,4,4,3,3,4,3,4,4,4,4,3,3,4,4,5,4,3,3,4,5,4
"DB03921",4,4,3,3,4,4,4,3,3,4,4,4,4,4,4,4,3,4,3,4,4,4,4,4,3,3,4,4,5,4,3,3,4,5,4
"DB04434",4,4,3,3,4,4,4,3,3,4,4,4,4,4,4,4,3,4,3,4,4,4,4,4,3,3,4,4,5,4,3,3,4,5,4
"DB04480",4,4,3,3,4,4,4,3,3,4,4,4,4,4,4,4,3,4,3,4,4,4,4,4,3,3,4,4,5,4,3,3,4,5,4
"DB07152",4,4,3,3,4,4,4,3,3,4,4,4,4,4,4,4,3,4,3,4,4,4,4,4,3,3,4,4,5,4,3,3,4,5,4
"DB07267",4,4,3,3,4,4,4,3,3,4,4,4,4,4,4,4,3,4,3,4,4,4,4,4,3,3,4,4,5,4,3,3,4,5,4
"DB08450",4,4,3,3,4,4,4,3,3,4,4,4,4,4,4,4,3,4,3,4,4,4,4,4,3,3,4,4,5,4,3,3,4,5,4
"DB00570",3,3,3,3,3,3,3,3,3,3,3,4,3,3,4,4,3,3,3,3,4,3,3,3,3,3,3,3,5,3,3,3,3,5,3
"DB05785",3,3,3,3,3,3,4,3,3,3,4,4,3,3,4,4,3,3,3,3,4,3,3,3,3,3,4,3,5,3,3,3,3,5,3
"DB00499",3,3,3,3,3,3,4,3,3,4,4,4,3,3,4,3,3,3,3,3,4,4,4,3,3,4,3,4,5,4,3,3,4,5,3
"DB00621",3,3,3,3,3,3,4,3,3,4,4,4,3,3,4,4,3,3,3,3,4,4,4,3,3,4,3,4,5,4,3,3,4,5,3
"DB00623",3,3,3,3,3,3,4,3,3,4,4,4,3,3,4,4,3,3,3,3,3,4,4,3,3,4,3,3,5,3,3,3,3,5,3
"DB00665",3,3,3,3,3,3,4,3,3,4,4,4,3,3,4,4,3,3,3,3,4,4,4,3,3,4,3,4,5,4,3,3,4,5,3
"DB00858",3,3,3,3,3,3,4,3,3,4,4,4,3,3,4,4,3,3,3,3,4,4,4,3,3,4,3,4,5,4,3,3,4,5,3
"DB00984",3,3,3,3,3,3,4,3,3,4,4,4,3,3,4,4,3,3,3,3,4,4,4,3,3,4,3,4,5,4,3,3,4,5,3
"DB01026",3,3,3,3,3,3,4,3,3,4,4,3,3,3,4,3,3,3,3,3,4,4,4,3,3,4,3,4,5,4,3,3,4,5,3
"DB01063",3,3,3,3,3,3,4,3,3,4,4,4,3,3,4,4,3,3,3,3,3,4,4,3,3,4,3,4,5,4,3,3,4,5,3
"DB01420",3,3,3,3,3,3,4,3,3,4,4,4,3,3,4,4,3,3,3,3,4,4,4,3,3,4,3,4,5,4,3,3,4,5,3
"DB01481",3,3,3,3,3,3,4,3,3,4,4,4,3,3,4,4,3,3,3,3,4,4,4,3,3,4,3,4,5,4,3,3,4,5,3
"DB01541",3,3,3,3,3,3,4,3,3,4,4,4,3,3,4,4,3,3,3,3,4,4,4,3,3,4,3,4,5,4,3,3,4,5,3
"DB01564",3,3,3,3,3,3,4,3,3,4,4,4,3,3,4,4,3,3,3,3,4,4,4,3,3,4,3,4,5,4,3,3,4,5,3
"DB01608",3,3,3,3,3,3,4,3,3,4,4,4,3,3,4,4,3,3,3,3,4,4,4,3,3,4,3,4,5,4,3,3,3,5,3
"DB02266",3,3,3,3,3,3,4,3,3,4,4,4,3,3,4,4,3,3,3,3,4,4,4,3,3,4,3,4,5,4,3,3,4,5,3
"DB02932",3,3,3,3,3,3,4,3,3,4,4,4,3,3,4,4,3,3,3,3,4,4,4,3,3,4,3,4,5,4,3,3,4,5,3
"DB02998",3,3,3,3,3,3,4,3,3,4,4,4,3,3,4,4,3,3,3,3,4,4,4,3,3,4,3,4,5,4,3,3,4,5,3
"DB04709",3,3,3,3,3,3,4,3,3,4,4,4,3,3,4,4,3,3,3,3,4,4,4,3,3,4,3,4,5,4,3,3,4,5,3
"DB04839",3,3,3,3,3,3,4,3,3,4,4,4,3,3,4,4,3,3,3,3,4,4,4,3,3,4,3,4,5,4,3,3,4,5,3
"DB05234",3,3,3,3,3,3,4,3,3,4,4,4,3,3,4,4,3,3,3,3,4,4,4,3,3,4,3,4,5,4,3,3,4,5,3
"DB06133",3,3,3,3,3,3,4,3,3,4,4,4,3,3,4,4,3,3,3,3,4,4,4,3,3,4,3,4,5,4,3,3,4,5,3
"DB06412",3,3,3,3,3,3,4,3,3,4,4,4,3,3,4,4,3,3,3,3,4,4,4,3,3,4,3,4,5,4,3,3,4,5,3
"DB06713",3,3,3,3,3,3,4,3,3,4,4,4,3,3,4,4,3,3,3,3,4,4,4,3,3,4,3,4,5,4,3,3,4,5,3
"DB06718",3,3,3,3,3,3,4,3,3,4,4,4,3,3,4,4,3,3,3,3,4,4,4,3,3,4,3,4,5,4,3,3,4,5,3
"DB06870",3,3,3,3,3,3,4,3,3,4,4,4,3,3,4,4,3,3,3,3,4,4,4,3,3,4,3,4,5,4,3,3,4,5,3
"DB07039",3,3,3,3,3,3,4,3,3,4,4,4,3,3,4,4,3,3,3,3,4,4,4,3,3,4,3,4,5,4,3,3,4,5,3
"DB07286",3,3,3,3,3,3,4,3,3,4,4,4,3,3,4,4,3,3,3,3,4,4,4,3,3,4,3,4,5,4,3,3,4,5,3
"DB07419",3,3,3,3,3,3,4,3,3,4,4,4,3,3,4,4,3,3,3,3,4,4,4,3,3,4,3,4,5,4,3,3,4,5,3
"DB07421",3,3,3,3,3,3,4,3,3,4,4,4,3,3,4,4,3,3,3,3,4,4,4,3,3,4,3,4,5,4,3,3,4,5,3
"DB07422",3,3,3,3,3,3,4,3,3,4,4,4,3,3,4,4,3,3,3,3,4,4,4,3,3,4,3,4,5,4,3,3,4,5,3
"DB07423",3,3,3,3,3,3,4,3,3,4,4,4,3,3,4,4,3,3,3,3,4,4,4,3,3,4,3,4,5,4,3,3,4,5,3
"DB07454",3,3,3,3,3,3,4,3,3,4,4,4,3,3,4,4,3,3,3,3,4,4,4,3,3,4,3,4,5,4,3,3,4,5,3
"DB07717",3,3,3,3,3,3,4,3,3,4,4,4,3,3,4,4,3,3,3,3,4,4,4,3,3,4,3,4,5,4,3,3,4,5,3
"DB07769",3,3,3,3,3,3,4,3,3,4,4,4,3,3,4,4,3,3,3,3,4,4,4,3,3,4,3,4,5,4,3,3,4,5,3
"DB08035",3,3,3,3,3,3,4,3,3,4,4,4,3,3,4,4,3,3,3,3,4,4,4,3,3,4,3,4,5,4,3,3,4,5,3
"DB08087",3,3,3,3,3,3,4,3,3,4,4,4,3,3,4,4,3,3,3,3,4,4,4,3,3,4,3,4,5,4,3,3,4,5,3
"DB08088",3,3,3,3,3,3,4,3,3,4,4,4,3,3,4,4,3,3,3,3,4,4,4,3,3,4,3,4,5,4,3,3,4,5,3
"DB08089",3,3,3,3,3,3,4,3,3,4,4,4,3,3,4,4,3,3,3,3,4,4,4,3,3,4,3,4,5,4,3,3,4,5,3
"DB08461",3,3,3,3,3,3,4,3,3,4,4,4,3,3,4,4,3,3,3,3,4,4,4,3,3,4,3,4,5,4,3,3,4,5,3
"DB08604",3,3,3,3,3,3,4,3,3,4,4,4,3,3,4,3,3,3,3,3,4,4,4,3,3,4,3,4,5,4,3,3,4,5,3
"DB08804",3,3,3,3,3,3,4,3,3,4,4,4,3,3,4,4,3,3,3,3,4,4,4,3,3,4,3,4,5,4,3,3,4,5,3
"DB09123",3,3,3,3,3,3,4,3,3,4,4,4,3,3,4,4,3,3,3,3,4,4,4,3,3,4,3,4,5,4,3,3,4,5,3
"DB09389",3,3,3,3,3,3,4,3,3,4,4,4,3,3,4,4,3,3,3,3,4,4,4,3,3,4,3,4,5,4,3,3,4,5,3
"DB11429",3,3,3,3,3,3,4,3,3,4,4,4,3,3,4,4,3,3,3,3,4,4,4,3,3,4,3,4,5,4,3,3,4,5,3
"DB11447",3,3,3,3,3,3,4,3,3,4,4,4,3,3,4,4,3,3,3,3,4,4,4,3,3,4,3,4,5,4,3,3,4,5,3
"DB11901",3,3,3,3,3,3,4,3,3,4,4,4,3,3,4,4,3,3,3,3,3,4,4,3,3,4,3,4,5,4,3,3,4,5,3
"DB12941",3,3,3,3,3,3,4,3,3,4,4,4,3,3,4,4,3,3,3,3,4,4,4,3,3,4,3,4,5,4,3,3,4,5,3
"DB13155",3,3,3,3,3,3,4,3,3,4,4,4,3,3,4,4,3,3,3,3,4,4,4,3,3,4,3,4,5,4,3,3,4,5,3
"DB13934",3,3,3,3,3,3,4,3,3,4,4,4,3,3,4,4,3,3,3,3,4,4,4,3,3,4,3,4,5,4,3,3,4,5,3
"DB14639",3,3,3,3,3,3,4,3,3,4,4,4,3,3,4,4,3,3,3,3,4,4,4,3,3,4,3,4,5,4,3,3,4,5,3
"DB15488",3,3,3,3,3,3,4,3,3,4,4,4,3,3,4,4,3,3,3,3,4,4,4,3,3,4,3,4,5,4,3,3,4,5,3
"DB05959",3,3,3,3,4,3,4,3,3,4,4,4,3,3,4,4,4,3,4,3,3,4,4,4,3,4,4,3,5,3,3,3,3,5,3
"DB08896",3,3,3,3,3,3,4,3,3,3,3,3,3,3,3,4,3,3,3,3,3,3,4,4,3,3,3,3,5,3,3,3,3,5,3
"DB06061",3,3,3,3,4,4,3,3,3,4,3,4,4,4,4,4,3,4,3,4,4,4,4,4,3,3,3,4,5,4,3,3,4,5,4
"DB11967",3,3,3,3,4,4,3,3,3,4,3,4,4,4,4,4,3,3,3,4,4,4,4,4,3,3,3,4,5,4,3,3,4,5,3
"DB04272",3,3,3,3,3,3,4,3,3,3,3,4,3,4,4,4,3,3,3,4,3,4,3,4,3,3,3,3,5,3,3,3,3,5,3
"DBXXXX1",3,3,3,2,3,4,4,3,3,4,3,4,3,3,4,4,3,4,3,3,4,4,4,4,4,3,4,4,5,4,3,3,3,5,3
